{"mean":{"confidence_interval":{"confidence_level":0.95,"lower_bound":0.4361692095244902,"upper_bound":0.5399504479291269},"point_estimate":0.4865996526812595,"standard_error":0.02680257184314425},"median":{"confidence_interval":{"confidence_level":0.95,"lower_bound":0.4095430701825693,"upper_bound":0.4787041262005596},"point_estimate":0.4509054293343704,"standard_error":0.017185006091954964}}