{"mean":{"confidence_interval":{"confidence_level":0.95,"lower_bound":0.23723251005339313,"upper_bound":0.35904318868995083},"point_estimate":0.29713558178908706,"standard_error":0.03168555597484827},"median":{"confidence_interval":{"confidence_level":0.95,"lower_bound":0.22144381683963776,"upper_bound":0.2847687293619239},"point_estimate":0.2582402909282615,"standard_error":0.016893046119046573}}