{"mean":{"confidence_interval":{"confidence_level":0.95,"lower_bound":386769.1684248122,"upper_bound":400021.33339285705},"point_estimate":392920.8229323306,"standard_error":3381.55489107033},"median":{"confidence_interval":{"confidence_level":0.95,"lower_bound":377971.2857142857,"upper_bound":394824.6842105263},"point_estimate":385784.42481203005,"standard_error":4974.755868527306},"median_abs_dev":{"confidence_interval":{"confidence_level":0.95,"lower_bound":17958.83380748275,"upper_bound":30439.27120696331},"point_estimate":24309.054736849077,"standard_error":3335.6927576274747},"slope":null,"std_dev":{"confidence_interval":{"confidence_level":0.95,"lower_bound":21656.311230013765,"upper_bound":45422.484730001364},"point_estimate":34185.54742298925,"standard_error":6104.3001996456105}}