{"mean":{"confidence_interval":{"confidence_level":0.95,"lower_bound":10854083.0335,"upper_bound":11340755.95775},"point_estimate":11089788.23,"standard_error":123641.12147141475},"median":{"confidence_interval":{"confidence_level":0.95,"lower_bound":10760044.0,"upper_bound":11270778.0},"point_estimate":10986458.5,"standard_error":124197.7945807936},"median_abs_dev":{"confidence_interval":{"confidence_level":0.95,"lower_bound":911710.0278139114,"upper_bound":1537636.3086014986},"point_estimate":1330428.136280179,"standard_error":161269.7020460162},"slope":null,"std_dev":{"confidence_interval":{"confidence_level":0.95,"lower_bound":997130.9276527447,"upper_bound":1505772.975949692},"point_estimate":1238023.873101333,"standard_error":133117.75546079542}}