{"mean":{"confidence_interval":{"confidence_level":0.95,"lower_bound":739548.8882962962,"upper_bound":755663.3651851853},"point_estimate":746293.9007407409,"standard_error":4171.364796888345},"median":{"confidence_interval":{"confidence_level":0.95,"lower_bound":734273.3703703703,"upper_bound":748914.2962962963},"point_estimate":739451.2037037037,"standard_error":4583.411994593793},"median_abs_dev":{"confidence_interval":{"confidence_level":0.95,"lower_bound":3110.7967558834353,"upper_bound":18623.350102702738},"point_estimate":9831.944092114689,"standard_error":4295.142270393334},"slope":null,"std_dev":{"confidence_interval":{"confidence_level":0.95,"lower_bound":8150.544782218973,"upper_bound":32884.95089183362},"point_estimate":21097.77199432265,"standard_error":7849.834011334062}}