{"mean":{"confidence_interval":{"confidence_level":0.95,"lower_bound":11845890.023200002,"upper_bound":12045253.538249994},"point_estimate":11941385.278000005,"standard_error":50444.24887373123},"median":{"confidence_interval":{"confidence_level":0.95,"lower_bound":11636168.4,"upper_bound":11985984.2},"point_estimate":11745063.8,"standard_error":83047.46838969106},"median_abs_dev":{"confidence_interval":{"confidence_level":0.95,"lower_bound":281915.01729650743,"upper_bound":557040.1752000615},"point_estimate":389363.07376742334,"standard_error":67623.03869427771},"slope":null,"std_dev":{"confidence_interval":{"confidence_level":0.95,"lower_bound":412642.43130316015,"upper_bound":606519.9008547904},"point_estimate":514916.1611729605,"standard_error":49143.639556929076}}