{"mean":{"confidence_interval":{"confidence_level":0.95,"lower_bound":1.4816506641498906,"upper_bound":1.96026560496875},"point_estimate":1.703012008785144,"standard_error":0.12199170340598617},"median":{"confidence_interval":{"confidence_level":0.95,"lower_bound":1.352856665290767,"upper_bound":1.8125153655112252},"point_estimate":1.5789093538466172,"standard_error":0.11904348761012791}}