{"mean":{"confidence_interval":{"confidence_level":0.95,"lower_bound":0.30414723347805006,"upper_bound":0.5360237496206437},"point_estimate":0.40763541580797225,"standard_error":0.058761456552794335},"median":{"confidence_interval":{"confidence_level":0.95,"lower_bound":0.26297875919017044,"upper_bound":0.5165383451648393},"point_estimate":0.3394619766156639,"standard_error":0.05311347640517461}}