{"mean":{"confidence_interval":{"confidence_level":0.95,"lower_bound":0.1009026520308926,"upper_bound":0.28318049039991283},"point_estimate":0.1908407113702577,"standard_error":0.04572740992439851},"median":{"confidence_interval":{"confidence_level":0.95,"lower_bound":0.10455498837611521,"upper_bound":0.3414595028189405},"point_estimate":0.26692226469427527,"standard_error":0.0631629145261514}}