{"mean":{"confidence_interval":{"confidence_level":0.95,"lower_bound":0.033824302852615215,"upper_bound":0.2068704949650693},"point_estimate":0.12254459317054156,"standard_error":0.044277244224739734},"median":{"confidence_interval":{"confidence_level":0.95,"lower_bound":0.021797509027290607,"upper_bound":0.23821788980547765},"point_estimate":0.18350335597861078,"standard_error":0.05965041898903625}}