{"mean":{"confidence_interval":{"confidence_level":0.95,"lower_bound":7802850.1450000005,"upper_bound":8210735.458833333},"point_estimate":7999140.513333333,"standard_error":109095.29243502417},"median":{"confidence_interval":{"confidence_level":0.95,"lower_bound":7827672.5,"upper_bound":8162017.5},"point_estimate":7954710.166666667,"standard_error":87039.65318668251},"median_abs_dev":{"confidence_interval":{"confidence_level":0.95,"lower_bound":176032.3071748023,"upper_bound":689356.8558389693},"point_estimate":463303.59617471695,"standard_error":137406.6009986871},"slope":null,"std_dev":{"confidence_interval":{"confidence_level":0.95,"lower_bound":339432.69930276147,"upper_bound":699642.5129169116},"point_estimate":546623.6266998715,"standard_error":95630.58811480195}}