{"mean":{"confidence_interval":{"confidence_level":0.95,"lower_bound":10115974.898250002,"upper_bound":10577541.34475},"point_estimate":10328716.933333332,"standard_error":119457.00798768754},"median":{"confidence_interval":{"confidence_level":0.95,"lower_bound":10048346.0,"upper_bound":10291244.666666666},"point_estimate":10176203.333333332,"standard_error":58644.17385155799},"median_abs_dev":{"confidence_interval":{"confidence_level":0.95,"lower_bound":393751.37200951483,"upper_bound":679242.484688536},"point_estimate":495842.9590970292,"standard_error":72775.71739373692},"slope":null,"std_dev":{"confidence_interval":{"confidence_level":0.95,"lower_bound":581723.0474253431,"upper_bound":1681253.6598249432},"point_estimate":1204791.3729114395,"standard_error":275664.80121470365}}