{"mean":{"confidence_interval":{"confidence_level":0.95,"lower_bound":7871863.953166668,"upper_bound":8247155.303833335},"point_estimate":8045104.833333334,"standard_error":96180.9921394837},"median":{"confidence_interval":{"confidence_level":0.95,"lower_bound":7726359.666666667,"upper_bound":8227316.833333333},"point_estimate":8006647.0,"standard_error":109124.35015721984},"median_abs_dev":{"confidence_interval":{"confidence_level":0.95,"lower_bound":220218.72839033604,"upper_bound":574515.6441003084},"point_estimate":415553.9930224414,"standard_error":93779.83392573724},"slope":null,"std_dev":{"confidence_interval":{"confidence_level":0.95,"lower_bound":272808.74195074884,"upper_bound":697001.5344246937},"point_estimate":490456.3132069304,"standard_error":119311.33570166741}}