{"mean":{"confidence_interval":{"confidence_level":0.95,"lower_bound":1986430.83525,"upper_bound":2139924.616},"point_estimate":2059736.12,"standard_error":39090.360549839206},"median":{"confidence_interval":{"confidence_level":0.95,"lower_bound":1908232.0,"upper_bound":2008838.5},"point_estimate":1953934.5,"standard_error":25812.940309026566},"median_abs_dev":{"confidence_interval":{"confidence_level":0.95,"lower_bound":196159.46666747335,"upper_bound":334056.4794018119},"point_estimate":269332.0764183998,"standard_error":35076.01109913787},"slope":null,"std_dev":{"confidence_interval":{"confidence_level":0.95,"lower_bound":307359.77875652397,"upper_bound":466437.055406959},"point_estimate":392027.7779460517,"standard_error":40313.89156021515}}