{"mean":{"confidence_interval":{"confidence_level":0.95,"lower_bound":1831953.218875,"upper_bound":1928679.718375},"point_estimate":1876376.23,"standard_error":24723.65568775928},"median":{"confidence_interval":{"confidence_level":0.95,"lower_bound":1812456.75,"upper_bound":1884385.0},"point_estimate":1846433.25,"standard_error":20034.3448722927},"median_abs_dev":{"confidence_interval":{"confidence_level":0.95,"lower_bound":144670.62283158302,"upper_bound":233816.76469892263},"point_estimate":207350.87256878614,"standard_error":23354.030858407892},"slope":null,"std_dev":{"confidence_interval":{"confidence_level":0.95,"lower_bound":163393.0364327803,"upper_bound":341460.6840835623},"point_estimate":248404.96096121662,"standard_error":47877.43430269634}}