{"mean":{"confidence_interval":{"confidence_level":0.95,"lower_bound":10925900.466,"upper_bound":11484432.819333334},"point_estimate":11162567.106666666,"standard_error":145269.95864449214},"median":{"confidence_interval":{"confidence_level":0.95,"lower_bound":10783812.0,"upper_bound":11299758.666666666},"point_estimate":10796412.333333334,"standard_error":100823.57740729266},"median_abs_dev":{"confidence_interval":{"confidence_level":0.95,"lower_bound":29356.46787881759,"upper_bound":675143.9050137978},"point_estimate":71117.35553741455,"standard_error":125421.46010538159},"slope":null,"std_dev":{"confidence_interval":{"confidence_level":0.95,"lower_bound":304739.1231280664,"upper_bound":1119813.6597992238},"point_estimate":742626.5392624377,"standard_error":248527.37669331892}}