{"mean":{"confidence_interval":{"confidence_level":0.95,"lower_bound":-0.8827647194313004,"upper_bound":-0.8791211907568792},"point_estimate":-0.8810333528304424,"standard_error":0.0009256585445745005},"median":{"confidence_interval":{"confidence_level":0.95,"lower_bound":-0.8834551905584537,"upper_bound":-0.8806094830308776},"point_estimate":-0.8815345221466601,"standard_error":0.0007505174398627657}}