{"mean":{"confidence_interval":{"confidence_level":0.95,"lower_bound":0.005232333972464859,"upper_bound":0.0384914841858908},"point_estimate":0.021035898541472475,"standard_error":0.008484441853088222},"median":{"confidence_interval":{"confidence_level":0.95,"lower_bound":0.00687495380303127,"upper_bound":0.030870106956688945},"point_estimate":0.02363083455800119,"standard_error":0.0064121632278876985}}