{"mean":{"confidence_interval":{"confidence_level":0.95,"lower_bound":-0.990408746036432,"upper_bound":-0.9902601362173239},"point_estimate":-0.9903287352236283,"standard_error":0.000038281522678392776},"median":{"confidence_interval":{"confidence_level":0.95,"lower_bound":-0.9904417553420843,"upper_bound":-0.9903341878810723},"point_estimate":-0.9904044510077677,"standard_error":0.000025713286241465236}}