{"mean":{"confidence_interval":{"confidence_level":0.95,"lower_bound":0.006579815971831352,"upper_bound":0.051845612226668426},"point_estimate":0.024936131025490527,"standard_error":0.010759669688505972},"median":{"confidence_interval":{"confidence_level":0.95,"lower_bound":-0.002595097135077773,"upper_bound":0.017005811563411077},"point_estimate":0.006175745941271016,"standard_error":0.005509509084065644}}