{"mean":{"confidence_interval":{"confidence_level":0.95,"lower_bound":0.02751979021854952,"upper_bound":0.1570512662106128},"point_estimate":0.0860867576066442,"standard_error":0.03344895410306127},"median":{"confidence_interval":{"confidence_level":0.95,"lower_bound":-0.0056310584783583195,"upper_bound":0.08241638476454693},"point_estimate":0.03001717390570202,"standard_error":0.023584007140853076}}