{"mean":{"confidence_interval":{"confidence_level":0.95,"lower_bound":0.17352949770411152,"upper_bound":0.34085435425807076},"point_estimate":0.24846532721921988,"standard_error":0.04229801673022629},"median":{"confidence_interval":{"confidence_level":0.95,"lower_bound":0.17586422200385443,"upper_bound":0.2774552328370783},"point_estimate":0.21574247316421524,"standard_error":0.02669523548788649}}