{"mean":{"confidence_interval":{"confidence_level":0.95,"lower_bound":0.2115106427137033,"upper_bound":0.2536120816568738},"point_estimate":0.23038578736646054,"standard_error":0.010714451587184898},"median":{"confidence_interval":{"confidence_level":0.95,"lower_bound":0.19232214865470243,"upper_bound":0.22578761364448385},"point_estimate":0.20976189648099974,"standard_error":0.008231773700168234}}