{"mean":{"confidence_interval":{"confidence_level":0.95,"lower_bound":0.3726529874420503,"upper_bound":0.4275100746873425},"point_estimate":0.3964909349710475,"standard_error":0.014147980752760806},"median":{"confidence_interval":{"confidence_level":0.95,"lower_bound":0.35514083621725767,"upper_bound":0.39650291551000083},"point_estimate":0.37882307122283443,"standard_error":0.010959963891962193}}