{"mean":{"confidence_interval":{"confidence_level":0.95,"lower_bound":2910284.408785714,"upper_bound":3383888.2028571423},"point_estimate":3097841.0085714282,"standard_error":129066.91135422091},"median":{"confidence_interval":{"confidence_level":0.95,"lower_bound":2882155.0714285714,"upper_bound":2911619.785714286},"point_estimate":2897705.285714286,"standard_error":11092.048547009483},"median_abs_dev":{"confidence_interval":{"confidence_level":0.95,"lower_bound":5517.4958020448685,"upper_bound":40274.29878498876},"point_estimate":23584.14138129809,"standard_error":14449.898165700737},"slope":null,"std_dev":{"confidence_interval":{"confidence_level":0.95,"lower_bound":64007.19511827237,"upper_bound":1072260.112466329},"point_estimate":669347.8529219031,"standard_error":309688.2089260877}}