{"mean":{"confidence_interval":{"confidence_level":0.95,"lower_bound":2969159.379805555,"upper_bound":3085075.751875},"point_estimate":3014722.2049999987,"standard_error":30307.71416726772},"median":{"confidence_interval":{"confidence_level":0.95,"lower_bound":2931107.5555555555,"upper_bound":2962776.388888889},"point_estimate":2945167.333333333,"standard_error":8042.217967993755},"median_abs_dev":{"confidence_interval":{"confidence_level":0.95,"lower_bound":44690.22104159017,"upper_bound":92278.84472422316},"point_estimate":65645.57323455764,"standard_error":12333.152368946123},"slope":null,"std_dev":{"confidence_interval":{"confidence_level":0.95,"lower_bound":90582.94729674532,"upper_bound":500443.90286362096},"point_estimate":305341.69233165344,"standard_error":133075.3306269289}}