{"mean":{"confidence_interval":{"confidence_level":0.95,"lower_bound":390275.90639122133,"upper_bound":400851.1415954197},"point_estimate":395214.2609923665,"standard_error":2685.159417985545},"median":{"confidence_interval":{"confidence_level":0.95,"lower_bound":381828.12213740457,"upper_bound":388011.2213740458},"point_estimate":383703.01145038166,"standard_error":1708.2060025064525},"median_abs_dev":{"confidence_interval":{"confidence_level":0.95,"lower_bound":7336.363030822206,"upper_bound":17915.358943770876},"point_estimate":10054.39319096443,"standard_error":2734.5315470775013},"slope":null,"std_dev":{"confidence_interval":{"confidence_level":0.95,"lower_bound":19207.793843807027,"upper_bound":33904.431466136986},"point_estimate":27035.09793529722,"standard_error":3760.113332250991}}