{"mean":{"confidence_interval":{"confidence_level":0.95,"lower_bound":-0.9824488377058546,"upper_bound":-0.9819548392518691},"point_estimate":-0.9822210113917131,"standard_error":0.00012475769811651268},"median":{"confidence_interval":{"confidence_level":0.95,"lower_bound":-0.9825874602455421,"upper_bound":-0.9823214492904238},"point_estimate":-0.9824823774507978,"standard_error":0.00006815276901084649}}