{"mean":{"confidence_interval":{"confidence_level":0.95,"lower_bound":0.0033570846508825503,"upper_bound":0.03378562810957694},"point_estimate":0.014671264772708303,"standard_error":0.0075164038615283},"median":{"confidence_interval":{"confidence_level":0.95,"lower_bound":-0.011520872454628961,"upper_bound":0.003961379795883291},"point_estimate":-0.007243114105723758,"standard_error":0.004242866365054559}}