{"mean":{"confidence_interval":{"confidence_level":0.95,"lower_bound":3143168.128,"upper_bound":3331666.662},"point_estimate":3236719.86,"standard_error":47722.75074767749},"median":{"confidence_interval":{"confidence_level":0.95,"lower_bound":3055943.5,"upper_bound":3414298.5},"point_estimate":3208245.5,"standard_error":67234.03119047002},"median_abs_dev":{"confidence_interval":{"confidence_level":0.95,"lower_bound":131433.97026658058,"upper_bound":372137.7824932337},"point_estimate":284960.1627409458,"standard_error":59354.605054616055},"slope":null,"std_dev":{"confidence_interval":{"confidence_level":0.95,"lower_bound":185793.32114224837,"upper_bound":289592.4861291865},"point_estimate":245477.5035016159,"standard_error":26570.20625355568}}