{"mean":{"confidence_interval":{"confidence_level":0.95,"lower_bound":0.1843278343742909,"upper_bound":0.25582743248448275},"point_estimate":0.2148504901889856,"standard_error":0.019180130203493073},"median":{"confidence_interval":{"confidence_level":0.95,"lower_bound":0.16950420698657753,"upper_bound":0.21210676566592257},"point_estimate":0.189388907732974,"standard_error":0.010554525928538288}}