{"mean":{"confidence_interval":{"confidence_level":0.95,"lower_bound":0.31437820284940227,"upper_bound":0.38644957404531133},"point_estimate":0.3418956332067482,"standard_error":0.019051681106500573},"median":{"confidence_interval":{"confidence_level":0.95,"lower_bound":0.2853324243914428,"upper_bound":0.33199320167535484},"point_estimate":0.30584643495546127,"standard_error":0.01148905917654906}}