{"mean":{"confidence_interval":{"confidence_level":0.95,"lower_bound":0.32868417453662174,"upper_bound":0.4919791927483957},"point_estimate":0.39699108323734045,"standard_error":0.041118616894556176},"median":{"confidence_interval":{"confidence_level":0.95,"lower_bound":0.2745515102259499,"upper_bound":0.4192675256832765},"point_estimate":0.3649164118456536,"standard_error":0.03678879396648871}}