{"mean":{"confidence_interval":{"confidence_level":0.95,"lower_bound":0.35127682321103926,"upper_bound":0.5216910711155712},"point_estimate":0.42649699901020166,"standard_error":0.04315837711679715},"median":{"confidence_interval":{"confidence_level":0.95,"lower_bound":0.3174328568261515,"upper_bound":0.46539411474362335},"point_estimate":0.4176662618034517,"standard_error":0.038916984719736515}}