{"mean":{"confidence_interval":{"confidence_level":0.95,"lower_bound":34806210.275000006,"upper_bound":41192933.886},"point_estimate":37737499.28,"standard_error":1625254.3429476216},"median":{"confidence_interval":{"confidence_level":0.95,"lower_bound":33261407.5,"upper_bound":40104493.5},"point_estimate":37611576.0,"standard_error":1964742.1658246033},"median_abs_dev":{"confidence_interval":{"confidence_level":0.95,"lower_bound":3950376.3621068057,"upper_bound":12190195.697280765},"point_estimate":6998730.301147699,"standard_error":1912590.4966380424},"slope":null,"std_dev":{"confidence_interval":{"confidence_level":0.95,"lower_bound":5120718.934827314,"upper_bound":11121771.432149734},"point_estimate":8253468.519199692,"standard_error":1600819.8694604554}}