{"mean":{"confidence_interval":{"confidence_level":0.95,"lower_bound":1410502.60925,"upper_bound":1683752.9704999998},"point_estimate":1528329.73,"standard_error":70993.35692180107},"median":{"confidence_interval":{"confidence_level":0.95,"lower_bound":1375719.5,"upper_bound":1457420.75},"point_estimate":1409095.0,"standard_error":18521.678949845995},"median_abs_dev":{"confidence_interval":{"confidence_level":0.95,"lower_bound":40957.56557285786,"upper_bound":124873.46538305283},"point_estimate":73575.13564378023,"standard_error":23969.10435178949},"slope":null,"std_dev":{"confidence_interval":{"confidence_level":0.95,"lower_bound":67102.24256757494,"upper_bound":533146.1343022881},"point_estimate":365754.75232805504,"standard_error":121703.6824382133}}