{"mean":{"confidence_interval":{"confidence_level":0.95,"lower_bound":420835.3494008619,"upper_bound":435626.24294827576},"point_estimate":428132.5756034483,"standard_error":3849.8014664111884},"median":{"confidence_interval":{"confidence_level":0.95,"lower_bound":419556.9137931034,"upper_bound":443211.92683189653},"point_estimate":431753.1551724138,"standard_error":6882.3750041315425},"median_abs_dev":{"confidence_interval":{"confidence_level":0.95,"lower_bound":29331.246637886976,"upper_bound":51238.150239478906},"point_estimate":42333.33527170893,"standard_error":5896.077782583364},"slope":null,"std_dev":{"confidence_interval":{"confidence_level":0.95,"lower_bound":33551.00838157537,"upper_bound":43363.90628752917},"point_estimate":38703.77048697443,"standard_error":2555.616294751043}}