{"mean":{"confidence_interval":{"confidence_level":0.95,"lower_bound":368945.3123271028,"upper_bound":371320.7629813084},"point_estimate":370037.52299065416,"standard_error":610.9635423794109},"median":{"confidence_interval":{"confidence_level":0.95,"lower_bound":368428.56074766355,"upper_bound":370282.79439252336},"point_estimate":369174.3738317757,"standard_error":413.2604549099956},"median_abs_dev":{"confidence_interval":{"confidence_level":0.95,"lower_bound":785.6532813790342,"upper_bound":2235.012532283259},"point_estimate":1508.9542274163164,"standard_error":399.71838262136816},"slope":null,"std_dev":{"confidence_interval":{"confidence_level":0.95,"lower_bound":1133.7604946071342,"upper_bound":4255.088003840539},"point_estimate":3080.8812603534607,"standard_error":785.1687232682069}}