{"mean":{"confidence_interval":{"confidence_level":0.95,"lower_bound":5502368.054125001,"upper_bound":5828418.93325},"point_estimate":5630936.24,"standard_error":86632.23559668924},"median":{"confidence_interval":{"confidence_level":0.95,"lower_bound":5449051.25,"upper_bound":5599936.5},"point_estimate":5525106.75,"standard_error":36498.000732680295},"median_abs_dev":{"confidence_interval":{"confidence_level":0.95,"lower_bound":238270.1243698597,"upper_bound":346842.19918482006},"point_estimate":294539.6118208766,"standard_error":27570.96610719398},"slope":null,"std_dev":{"confidence_interval":{"confidence_level":0.95,"lower_bound":272433.4196678658,"upper_bound":1442134.2747293375},"point_estimate":877556.7147387876,"standard_error":388080.3115707389}}