{"mean":{"confidence_interval":{"confidence_level":0.95,"lower_bound":6085617.203249999,"upper_bound":6400215.571916666},"point_estimate":6219801.376666666,"standard_error":80736.78046831924},"median":{"confidence_interval":{"confidence_level":0.95,"lower_bound":5976403.333333333,"upper_bound":6167720.087499998},"point_estimate":6066090.666666667,"standard_error":39955.261831623706},"median_abs_dev":{"confidence_interval":{"confidence_level":0.95,"lower_bound":247406.4057851587,"upper_bound":489008.42031836486},"point_estimate":323345.17025947524,"standard_error":63190.88171801184},"slope":null,"std_dev":{"confidence_interval":{"confidence_level":0.95,"lower_bound":400502.35221647023,"upper_bound":1234825.3051525566},"point_estimate":808634.8013030238,"standard_error":249323.9394212318}}