{"mean":{"confidence_interval":{"confidence_level":0.95,"lower_bound":4488151.479666667,"upper_bound":4739370.186333335},"point_estimate":4605829.48,"standard_error":63910.21824445811},"median":{"confidence_interval":{"confidence_level":0.95,"lower_bound":4449940.666666667,"upper_bound":4671381.0},"point_estimate":4577644.666666667,"standard_error":59462.54679176954},"median_abs_dev":{"confidence_interval":{"confidence_level":0.95,"lower_bound":122664.88562226387,"upper_bound":355787.16342851555},"point_estimate":267568.27664971305,"standard_error":65803.06434012017},"slope":null,"std_dev":{"confidence_interval":{"confidence_level":0.95,"lower_bound":183463.52681009765,"upper_bound":451141.45637234044},"point_estimate":322648.76549519727,"standard_error":72388.10022479352}}