{"mean":{"confidence_interval":{"confidence_level":0.95,"lower_bound":1836651.171,"upper_bound":2166585.0535},"point_estimate":1989855.18,"standard_error":84496.68459194194},"median":{"confidence_interval":{"confidence_level":0.95,"lower_bound":1637369.5,"upper_bound":2010474.0},"point_estimate":1792421.0,"standard_error":102973.1473192689},"median_abs_dev":{"confidence_interval":{"confidence_level":0.95,"lower_bound":240690.50589188933,"upper_bound":621163.0762546508},"point_estimate":369245.9712445736,"standard_error":99519.16345816762},"slope":null,"std_dev":{"confidence_interval":{"confidence_level":0.95,"lower_bound":366570.9591347022,"upper_bound":855801.1392372117},"point_estimate":620033.6183122783,"standard_error":133107.5688182189}}