{"mean":{"confidence_interval":{"confidence_level":0.95,"lower_bound":1283697.518,"upper_bound":1432841.571},"point_estimate":1357156.2,"standard_error":39895.51122095518},"median":{"confidence_interval":{"confidence_level":0.95,"lower_bound":1227639.0,"upper_bound":1419645.0},"point_estimate":1291341.0,"standard_error":48941.243139405495},"median_abs_dev":{"confidence_interval":{"confidence_level":0.95,"lower_bound":68043.14742699267,"upper_bound":279776.99323296547},"point_estimate":154939.11024928093,"standard_error":52572.666241402985},"slope":null,"std_dev":{"confidence_interval":{"confidence_level":0.95,"lower_bound":146723.64193242157,"upper_bound":241289.79969452828},"point_estimate":203652.09944126118,"standard_error":25005.497868345756}}