{"mean":{"confidence_interval":{"confidence_level":0.95,"lower_bound":0.11812590990653812,"upper_bound":0.21591827255775728},"point_estimate":0.16116644371544941,"standard_error":0.024622885067313617},"median":{"confidence_interval":{"confidence_level":0.95,"lower_bound":0.10819316162541104,"upper_bound":0.16566864442497198},"point_estimate":0.12778071393033374,"standard_error":0.014996955667802864}}