{"mean":{"confidence_interval":{"confidence_level":0.95,"lower_bound":0.1765245080302547,"upper_bound":0.28410331400485295},"point_estimate":0.22796370446505243,"standard_error":0.027287854409901408},"median":{"confidence_interval":{"confidence_level":0.95,"lower_bound":0.20340813596102403,"upper_bound":0.24118522279309085},"point_estimate":0.22007903251514693,"standard_error":0.009580409814166293}}