{"mean":{"confidence_interval":{"confidence_level":0.95,"lower_bound":14625643.918916663,"upper_bound":15150835.9},"point_estimate":14848832.969999997,"standard_error":134584.70901215353},"median":{"confidence_interval":{"confidence_level":0.95,"lower_bound":14426111.333333334,"upper_bound":14744278.333333332},"point_estimate":14574801.333333334,"standard_error":73790.24745452096},"median_abs_dev":{"confidence_interval":{"confidence_level":0.95,"lower_bound":403548.52236308204,"upper_bound":665646.0051099211},"point_estimate":533117.4992352733,"standard_error":65372.126932525265},"slope":null,"std_dev":{"confidence_interval":{"confidence_level":0.95,"lower_bound":633356.1054571705,"upper_bound":2037139.0515466551},"point_estimate":1341534.0421771626,"standard_error":393839.44073146}}