{"mean":{"confidence_interval":{"confidence_level":0.95,"lower_bound":5297919.9509000005,"upper_bound":5609804.5315000005},"point_estimate":5422986.6,"standard_error":80764.44304125568},"median":{"confidence_interval":{"confidence_level":0.95,"lower_bound":5200480.8,"upper_bound":5314175.6},"point_estimate":5254743.2,"standard_error":30440.76941513114},"median_abs_dev":{"confidence_interval":{"confidence_level":0.95,"lower_bound":159516.73774351267,"upper_bound":295916.8471209262},"point_estimate":234592.23861515563,"standard_error":36006.68349712477},"slope":null,"std_dev":{"confidence_interval":{"confidence_level":0.95,"lower_bound":296923.7949561639,"upper_bound":1295654.1035039122},"point_estimate":806260.5315162943,"standard_error":324680.6120320533}}