{"mean":{"confidence_interval":{"confidence_level":0.95,"lower_bound":4461572.1620000005,"upper_bound":4571223.808857142},"point_estimate":4514190.765714286,"standard_error":28398.546246728263},"median":{"confidence_interval":{"confidence_level":0.95,"lower_bound":4426806.428571428,"upper_bound":4582387.571428572},"point_estimate":4485008.142857143,"standard_error":47903.68163434847},"median_abs_dev":{"confidence_interval":{"confidence_level":0.95,"lower_bound":74513.14487712803,"upper_bound":208191.7715038566},"point_estimate":144374.73823683683,"standard_error":33823.6128666854},"slope":null,"std_dev":{"confidence_interval":{"confidence_level":0.95,"lower_bound":95499.95437180987,"upper_bound":180148.4874159151},"point_estimate":142012.51942188342,"standard_error":21044.012577363905}}