{"mean":{"confidence_interval":{"confidence_level":0.95,"lower_bound":4397848.585714286,"upper_bound":4488787.360428571},"point_estimate":4443639.154285714,"standard_error":23220.499770778635},"median":{"confidence_interval":{"confidence_level":0.95,"lower_bound":4384490.857142857,"upper_bound":4517150.0},"point_estimate":4459277.571428572,"standard_error":36932.819349395366},"median_abs_dev":{"confidence_interval":{"confidence_level":0.95,"lower_bound":67946.49779370813,"upper_bound":174419.62670343343},"point_estimate":110878.78063150855,"standard_error":27460.99720521657},"slope":null,"std_dev":{"confidence_interval":{"confidence_level":0.95,"lower_bound":86044.33082150955,"upper_bound":143723.03139742115},"point_estimate":118218.55420038539,"standard_error":14703.850337543863}}