{"mean":{"confidence_interval":{"confidence_level":0.95,"lower_bound":5980035.394250001,"upper_bound":6161498.177650003},"point_estimate":6064101.749999997,"standard_error":46322.439288137204},"median":{"confidence_interval":{"confidence_level":0.95,"lower_bound":5918868.2,"upper_bound":5997751.8},"point_estimate":5963499.9,"standard_error":21259.589452735716},"median_abs_dev":{"confidence_interval":{"confidence_level":0.95,"lower_bound":179278.77981166492,"upper_bound":281974.20639395714},"point_estimate":227189.0239065884,"standard_error":25498.140263665624},"slope":null,"std_dev":{"confidence_interval":{"confidence_level":0.95,"lower_bound":273700.9217028988,"upper_bound":627497.3460074972},"point_estimate":463393.9136690975,"standard_error":91549.92225725901}}