{"mean":{"confidence_interval":{"confidence_level":0.95,"lower_bound":2572416.252666666,"upper_bound":2683443.4399999995},"point_estimate":2628302.7066666665,"standard_error":28528.68310940813},"median":{"confidence_interval":{"confidence_level":0.95,"lower_bound":2537436.0,"upper_bound":2723105.3333333335},"point_estimate":2630970.6666666665,"standard_error":49171.314681085154},"median_abs_dev":{"confidence_interval":{"confidence_level":0.95,"lower_bound":95530.34090399696,"upper_bound":245670.275038481},"point_estimate":180583.64199399948,"standard_error":38669.11000848003},"slope":null,"std_dev":{"confidence_interval":{"confidence_level":0.95,"lower_bound":116425.34881886837,"upper_bound":169201.07179736442},"point_estimate":147217.04632469625,"standard_error":13553.759730982127}}