{"mean":{"confidence_interval":{"confidence_level":0.95,"lower_bound":2608191.5003333334,"upper_bound":2738805.3699999996},"point_estimate":2673159.893333333,"standard_error":34315.955087395145},"median":{"confidence_interval":{"confidence_level":0.95,"lower_bound":2567221.6666666665,"upper_bound":2747361.0},"point_estimate":2630624.0,"standard_error":53663.5393586254},"median_abs_dev":{"confidence_interval":{"confidence_level":0.95,"lower_bound":92662.98019990325,"upper_bound":249480.55697083496},"point_estimate":159385.42757034302,"standard_error":40433.08225694628},"slope":null,"std_dev":{"confidence_interval":{"confidence_level":0.95,"lower_bound":125531.83801916179,"upper_bound":207881.21240605717},"point_estimate":174897.25064085165,"standard_error":22097.078803729004}}