{"mean":{"confidence_interval":{"confidence_level":0.95,"lower_bound":4761531.4969999995,"upper_bound":5194214.3295},"point_estimate":4969262.62,"standard_error":108687.29680135456},"median":{"confidence_interval":{"confidence_level":0.95,"lower_bound":4521849.0,"upper_bound":5057942.0125},"point_estimate":4715799.0,"standard_error":155448.506616187},"median_abs_dev":{"confidence_interval":{"confidence_level":0.95,"lower_bound":423779.945698902,"upper_bound":1024522.2458910941},"point_estimate":678371.0309565067,"standard_error":149138.47731823922},"slope":null,"std_dev":{"confidence_interval":{"confidence_level":0.95,"lower_bound":626604.3871114774,"upper_bound":938914.7333586754},"point_estimate":797703.7182171746,"standard_error":79400.84626231404}}