{"mean":{"confidence_interval":{"confidence_level":0.95,"lower_bound":382472.4438653846,"upper_bound":384591.6226923077},"point_estimate":383453.6292307693,"standard_error":544.1412741426105},"median":{"confidence_interval":{"confidence_level":0.95,"lower_bound":382047.73076923075,"upper_bound":383188.125},"point_estimate":382677.53846153844,"standard_error":253.27068225861896},"median_abs_dev":{"confidence_interval":{"confidence_level":0.95,"lower_bound":498.96616998779996,"upper_bound":1690.7484565217028},"point_estimate":949.434213913331,"standard_error":284.7716388440084},"slope":null,"std_dev":{"confidence_interval":{"confidence_level":0.95,"lower_bound":1322.8319639225142,"upper_bound":3626.993127142275},"point_estimate":2766.5061859755174,"standard_error":585.9869251344344}}