{"mean":{"confidence_interval":{"confidence_level":0.95,"lower_bound":0.06653527048232381,"upper_bound":0.10074261622118837},"point_estimate":0.08255587427935263,"standard_error":0.007874059984649786},"median":{"confidence_interval":{"confidence_level":0.95,"lower_bound":0.05919824244816496,"upper_bound":0.07824752427403636},"point_estimate":0.06651027060516146,"standard_error":0.0038687977915759435}}