{"mean":{"confidence_interval":{"confidence_level":0.95,"lower_bound":-0.9462138577648319,"upper_bound":-0.9403448023729459},"point_estimate":-0.9431401943865628,"standard_error":0.0013564843292135432},"median":{"confidence_interval":{"confidence_level":0.95,"lower_bound":-0.9507664413687587,"upper_bound":-0.942342324766267},"point_estimate":-0.9496288693683345,"standard_error":0.0019617561853602803}}