{"mean":{"confidence_interval":{"confidence_level":0.95,"lower_bound":433312.72865983634,"upper_bound":442717.6879118855},"point_estimate":437992.95606557385,"standard_error":2421.1082504024503},"median":{"confidence_interval":{"confidence_level":0.95,"lower_bound":431541.2172131147,"upper_bound":438258.93668032787},"point_estimate":435340.95081967214,"standard_error":1831.997067927332},"median_abs_dev":{"confidence_interval":{"confidence_level":0.95,"lower_bound":9314.008998577705,"upper_bound":18907.05379369745},"point_estimate":13035.839259551183,"standard_error":2515.9963659599966},"slope":null,"std_dev":{"confidence_interval":{"confidence_level":0.95,"lower_bound":19165.06958577107,"upper_bound":28898.18988076669},"point_estimate":24131.761026566815,"standard_error":2514.526857265494}}