{"mean":{"confidence_interval":{"confidence_level":0.95,"lower_bound":825106.9207962969,"upper_bound":854145.3469212962},"point_estimate":838067.4868518518,"standard_error":7513.264094236981},"median":{"confidence_interval":{"confidence_level":0.95,"lower_bound":814503.4444444445,"upper_bound":827329.0185185185},"point_estimate":820816.5370370371,"standard_error":3244.5970983838965},"median_abs_dev":{"confidence_interval":{"confidence_level":0.95,"lower_bound":20511.17141835382,"upper_bound":36873.66775619478},"point_estimate":29367.559923066117,"standard_error":4479.294013553025},"slope":null,"std_dev":{"confidence_interval":{"confidence_level":0.95,"lower_bound":33009.34793802344,"upper_bound":109477.51791673074},"point_estimate":75381.73763553653,"standard_error":20356.377439643955}}