{"mean":{"confidence_interval":{"confidence_level":0.95,"lower_bound":777769.8815510204,"upper_bound":789706.4754489794},"point_estimate":783216.164081633,"standard_error":3074.2705297722355},"median":{"confidence_interval":{"confidence_level":0.95,"lower_bound":773606.8979591837,"upper_bound":787396.8775510204},"point_estimate":781011.0612244898,"standard_error":4300.114070449793},"median_abs_dev":{"confidence_interval":{"confidence_level":0.95,"lower_bound":7715.692320161809,"upper_bound":20445.02337988535},"point_estimate":12196.805354892103,"standard_error":3098.332879042204},"slope":null,"std_dev":{"confidence_interval":{"confidence_level":0.95,"lower_bound":9181.935115333696,"upper_bound":20472.956226986054},"point_estimate":15549.630583333164,"standard_error":2947.2308441225273}}