{"mean":{"confidence_interval":{"confidence_level":0.95,"lower_bound":11023857.699000001,"upper_bound":11726239.836125},"point_estimate":11352357.735,"standard_error":180861.0820019798},"median":{"confidence_interval":{"confidence_level":0.95,"lower_bound":10656131.0,"upper_bound":11138552.5},"point_estimate":10867040.5,"standard_error":108052.5260981498},"median_abs_dev":{"confidence_interval":{"confidence_level":0.95,"lower_bound":717048.7284198407,"upper_bound":1229946.035014093},"point_estimate":967699.6745198965,"standard_error":126661.735848978},"slope":null,"std_dev":{"confidence_interval":{"confidence_level":0.95,"lower_bound":1207927.777681869,"upper_bound":2347393.0080818143},"point_estimate":1810818.3097722344,"standard_error":290995.2715366376}}