{"mean":{"confidence_interval":{"confidence_level":0.95,"lower_bound":13382674.290000001,"upper_bound":14593995.9485},"point_estimate":13952106.44,"standard_error":311175.5347204589},"median":{"confidence_interval":{"confidence_level":0.95,"lower_bound":13088554.0,"upper_bound":14159817.0},"point_estimate":13548259.5,"standard_error":256181.96829162823},"median_abs_dev":{"confidence_interval":{"confidence_level":0.95,"lower_bound":976229.8134684563,"upper_bound":2151500.156003237},"point_estimate":1436359.1630995274,"standard_error":296291.95959233225},"slope":null,"std_dev":{"confidence_interval":{"confidence_level":0.95,"lower_bound":1378485.3087952265,"upper_bound":3013917.1729955436},"point_estimate":2255551.4499864927,"standard_error":445086.4751679301}}