{"mean":{"confidence_interval":{"confidence_level":0.95,"lower_bound":9334718.293875,"upper_bound":9758246.74275},"point_estimate":9531709.56,"standard_error":108846.2696642098},"median":{"confidence_interval":{"confidence_level":0.95,"lower_bound":9236488.5,"upper_bound":9613714.0},"point_estimate":9379822.5,"standard_error":84942.48617628934},"median_abs_dev":{"confidence_interval":{"confidence_level":0.95,"lower_bound":576993.8099563122,"upper_bound":948557.4556097388},"point_estimate":700688.2377102971,"standard_error":91161.52935991596},"slope":null,"std_dev":{"confidence_interval":{"confidence_level":0.95,"lower_bound":710197.6468173634,"upper_bound":1491778.97254494},"point_estimate":1085670.6488348576,"standard_error":212358.662324826}}