{"mean":{"confidence_interval":{"confidence_level":0.95,"lower_bound":0.1676829770203861,"upper_bound":0.3276382862860901},"point_estimate":0.2459906781322625,"standard_error":0.04140007979221481},"median":{"confidence_interval":{"confidence_level":0.95,"lower_bound":0.1353649107963415,"upper_bound":0.3059319125866291},"point_estimate":0.17996951091593116,"standard_error":0.046245621830766366}}