{"mean":{"confidence_interval":{"confidence_level":0.95,"lower_bound":0.11170483746190422,"upper_bound":0.238537661933391},"point_estimate":0.17325738949183234,"standard_error":0.03221022352721317},"median":{"confidence_interval":{"confidence_level":0.95,"lower_bound":0.08598322260818003,"upper_bound":0.2296968861371138},"point_estimate":0.11703921697083364,"standard_error":0.04216329740483887}}