{"mean":{"confidence_interval":{"confidence_level":0.95,"lower_bound":567385.6556666666,"upper_bound":710487.7433333334},"point_estimate":628728.5599999999,"standard_error":38229.6537932716},"median":{"confidence_interval":{"confidence_level":0.95,"lower_bound":542419.0,"upper_bound":604354.6666666666},"point_estimate":553781.0,"standard_error":13041.54329549204},"median_abs_dev":{"confidence_interval":{"confidence_level":0.95,"lower_bound":16111.908113956337,"upper_bound":106949.3259012698},"point_estimate":38506.580716371594,"standard_error":20048.331114839686},"slope":null,"std_dev":{"confidence_interval":{"confidence_level":0.95,"lower_bound":60203.80216159111,"upper_bound":299155.5658188253},"point_estimate":196969.71337541175,"standard_error":69827.11839704243}}