{"mean":{"confidence_interval":{"confidence_level":0.95,"lower_bound":794217.7852500001,"upper_bound":953858.579},"point_estimate":865073.27,"standard_error":43146.2472011834},"median":{"confidence_interval":{"confidence_level":0.95,"lower_bound":765009.0,"upper_bound":837785.0},"point_estimate":801009.5,"standard_error":14398.868088777464},"median_abs_dev":{"confidence_interval":{"confidence_level":0.95,"lower_bound":62789.2208352685,"upper_bound":119536.1054778099},"point_estimate":89439.32601213455,"standard_error":14802.08392605775},"slope":null,"std_dev":{"confidence_interval":{"confidence_level":0.95,"lower_bound":77008.50989049644,"upper_bound":481367.8073183302},"point_estimate":310730.14387412235,"standard_error":114237.80820308371}}