{"mean":{"confidence_interval":{"confidence_level":0.95,"lower_bound":0.17799848746184826,"upper_bound":0.33993323002004705},"point_estimate":0.25648887320302793,"standard_error":0.04123884236190824},"median":{"confidence_interval":{"confidence_level":0.95,"lower_bound":0.17878645850352548,"upper_bound":0.31351641962711985},"point_estimate":0.25591661014566136,"standard_error":0.03267687263525205}}