{"mean":{"confidence_interval":{"confidence_level":0.95,"lower_bound":0.15009816997330705,"upper_bound":0.3237442682002226},"point_estimate":0.23551991387933824,"standard_error":0.04429207598209411},"median":{"confidence_interval":{"confidence_level":0.95,"lower_bound":0.11463881525881692,"upper_bound":0.29953334869417936},"point_estimate":0.1825965207361573,"standard_error":0.04911201770452331}}