{"mean":{"confidence_interval":{"confidence_level":0.95,"lower_bound":24955403.27075,"upper_bound":26574204.1345},"point_estimate":25789234.55,"standard_error":416541.6472753467},"median":{"confidence_interval":{"confidence_level":0.95,"lower_bound":26018299.0,"upper_bound":26709894.0},"point_estimate":26352322.0,"standard_error":186266.58534706605},"median_abs_dev":{"confidence_interval":{"confidence_level":0.95,"lower_bound":1221445.9187150002,"upper_bound":2163799.397669881},"point_estimate":1552763.2761329412,"standard_error":240042.3141492176},"slope":null,"std_dev":{"confidence_interval":{"confidence_level":0.95,"lower_bound":2862712.532178786,"upper_bound":5221908.592531152},"point_estimate":4141431.699832572,"standard_error":604144.4746941915}}