{"mean":{"confidence_interval":{"confidence_level":0.95,"lower_bound":22044682.628,"upper_bound":22795463.69375},"point_estimate":22435021.24,"standard_error":190178.54913286967},"median":{"confidence_interval":{"confidence_level":0.95,"lower_bound":22026290.0,"upper_bound":22745627.0},"point_estimate":22326557.5,"standard_error":207695.75176107074},"median_abs_dev":{"confidence_interval":{"confidence_level":0.95,"lower_bound":1094050.7546342164,"upper_bound":1673275.4883684216},"point_estimate":1375544.3947792053,"standard_error":144205.0097893314},"slope":null,"std_dev":{"confidence_interval":{"confidence_level":0.95,"lower_bound":1328103.0039484836,"upper_bound":2597633.3997330377},"point_estimate":1916072.7578444877,"standard_error":343247.8569718181}}