{"mean":{"confidence_interval":{"confidence_level":0.95,"lower_bound":-0.015371396390739252,"upper_bound":0.007141640734294966},"point_estimate":-0.003640675657436976,"standard_error":0.00582549404787483},"median":{"confidence_interval":{"confidence_level":0.95,"lower_bound":-0.022541889245732305,"upper_bound":-0.007349832355009633},"point_estimate":-0.017276449275645755,"standard_error":0.003441617034891817}}