{"mean":{"confidence_interval":{"confidence_level":0.95,"lower_bound":-0.9517689618559022,"upper_bound":-0.9504556553346617},"point_estimate":-0.9510975369709018,"standard_error":0.0003385124813924485},"median":{"confidence_interval":{"confidence_level":0.95,"lower_bound":-0.9517483868679721,"upper_bound":-0.9505531420699606},"point_estimate":-0.9513832176464176,"standard_error":0.0002739431087780613}}