{"mean":{"confidence_interval":{"confidence_level":0.95,"lower_bound":-0.09916589838633712,"upper_bound":0.11099741842303942},"point_estimate":-0.0013009367172073238,"standard_error":0.05361670619005697},"median":{"confidence_interval":{"confidence_level":0.95,"lower_bound":-0.1589749836644604,"upper_bound":0.17443440262865817},"point_estimate":-0.027896207832547537,"standard_error":0.07367932784707164}}