{"mean":{"confidence_interval":{"confidence_level":0.95,"lower_bound":0.11407610291327884,"upper_bound":0.3630578480297298},"point_estimate":0.22393583120518334,"standard_error":0.06444180100417085},"median":{"confidence_interval":{"confidence_level":0.95,"lower_bound":0.06290834274630536,"upper_bound":0.4230089971604727},"point_estimate":0.19871060020536757,"standard_error":0.08258092041273955}}