{"mean":{"confidence_interval":{"confidence_level":0.95,"lower_bound":0.2282207212623616,"upper_bound":0.414901878508822},"point_estimate":0.3186681547304604,"standard_error":0.04744762220984398},"median":{"confidence_interval":{"confidence_level":0.95,"lower_bound":0.20619996025555887,"upper_bound":0.4551404241279878},"point_estimate":0.35773441447955245,"standard_error":0.06924644377893342}}