{"mean":{"confidence_interval":{"confidence_level":0.95,"lower_bound":0.012763624617236735,"upper_bound":0.16111851800860377},"point_estimate":0.08141461441432951,"standard_error":0.03798325160504786},"median":{"confidence_interval":{"confidence_level":0.95,"lower_bound":-0.008036957245311394,"upper_bound":0.19608638970662695},"point_estimate":0.10800926729712934,"standard_error":0.05728639422109939}}