{"mean":{"confidence_interval":{"confidence_level":0.95,"lower_bound":1220016.1219231037,"upper_bound":1271503.5280094272},"point_estimate":1241615.913623114,"standard_error":13391.37442894438},"median":{"confidence_interval":{"confidence_level":0.95,"lower_bound":1214987.2863636364,"upper_bound":1227813.7058080807},"point_estimate":1220612.0517857145,"standard_error":3607.317531550935},"median_abs_dev":{"confidence_interval":{"confidence_level":0.95,"lower_bound":16198.826216259518,"upper_bound":44181.661742447934},"point_estimate":25767.298523788973,"standard_error":7082.866305384695},"slope":{"confidence_interval":{"confidence_level":0.95,"lower_bound":1219745.476554622,"upper_bound":1262236.9785439612},"point_estimate":1239667.5018054747,"standard_error":10886.97502409894},"std_dev":{"confidence_interval":{"confidence_level":0.95,"lower_bound":38112.480333144995,"upper_bound":148868.51940869368},"point_estimate":95261.21939223367,"standard_error":34297.050118158586}}