{"mean":{"confidence_interval":{"confidence_level":0.95,"lower_bound":763856.9191305969,"upper_bound":795381.4851417907},"point_estimate":776920.823582089,"standard_error":8215.219703364592},"median":{"confidence_interval":{"confidence_level":0.95,"lower_bound":751287.1343283582,"upper_bound":762389.9477611941},"point_estimate":754123.8134328357,"standard_error":2980.2093308937924},"median_abs_dev":{"confidence_interval":{"confidence_level":0.95,"lower_bound":11631.151692013087,"upper_bound":23803.823024412606},"point_estimate":16885.751539024004,"standard_error":3069.956051615461},"slope":null,"std_dev":{"confidence_interval":{"confidence_level":0.95,"lower_bound":29076.01256891229,"upper_bound":133876.10241564715},"point_estimate":83243.62675667986,"standard_error":32881.93650701216}}