{"mean":{"confidence_interval":{"confidence_level":0.95,"lower_bound":376863.8015816584,"upper_bound":429470.9756164563},"point_estimate":400176.79002291634,"standard_error":13572.00485979231},"median":{"confidence_interval":{"confidence_level":0.95,"lower_bound":371209.5,"upper_bound":393398.05263157893},"point_estimate":381366.09375,"standard_error":7188.362561261468},"median_abs_dev":{"confidence_interval":{"confidence_level":0.95,"lower_bound":7646.945907572947,"upper_bound":62627.74389519408},"point_estimate":17431.748880274627,"standard_error":12543.716173160645},"slope":{"confidence_interval":{"confidence_level":0.95,"lower_bound":387106.25557633006,"upper_bound":446546.1968999513},"point_estimate":412746.1136108597,"standard_error":15753.636572194322},"std_dev":{"confidence_interval":{"confidence_level":0.95,"lower_bound":26779.40791274783,"upper_bound":99542.39666436626},"point_estimate":68799.97295508979,"standard_error":19668.600563535914}}