{"mean":{"confidence_interval":{"confidence_level":0.95,"lower_bound":-0.039809161787682804,"upper_bound":-0.020656950487223973},"point_estimate":-0.030101567484053016,"standard_error":0.0048753059192599745},"median":{"confidence_interval":{"confidence_level":0.95,"lower_bound":-0.04122676609481963,"upper_bound":-0.035304153514315706},"point_estimate":-0.0390535521405867,"standard_error":0.001486979909954614}}