{"mean":{"confidence_interval":{"confidence_level":0.95,"lower_bound":-0.9987912785096923,"upper_bound":-0.9987795933571391},"point_estimate":-0.9987845266069797,"standard_error":3.0462288819998875e-6},"median":{"confidence_interval":{"confidence_level":0.95,"lower_bound":-0.9987815427024666,"upper_bound":-0.9987804411216762},"point_estimate":-0.9987809419190536,"standard_error":2.48919247621665e-7}}