{"mean":{"confidence_interval":{"confidence_level":0.95,"lower_bound":0.4631638622295001,"upper_bound":0.5520794946546915},"point_estimate":0.5010708908703563,"standard_error":0.022298865503498657},"median":{"confidence_interval":{"confidence_level":0.95,"lower_bound":0.4431507894296176,"upper_bound":0.5137467931282842},"point_estimate":0.4617092446443434,"standard_error":0.018885240911009}}