{"mean":{"confidence_interval":{"confidence_level":0.95,"lower_bound":0.20777719980169587,"upper_bound":0.27448298925825215},"point_estimate":0.23828302996825212,"standard_error":0.016723318784986733},"median":{"confidence_interval":{"confidence_level":0.95,"lower_bound":0.18712171553852341,"upper_bound":0.24601591428999114},"point_estimate":0.20547269126241074,"standard_error":0.015244980793422685}}