{"mean":{"confidence_interval":{"confidence_level":0.95,"lower_bound":2880838.533071428,"upper_bound":2906213.4128571437},"point_estimate":2891442.142857143,"standard_error":6726.4373566646655},"median":{"confidence_interval":{"confidence_level":0.95,"lower_bound":2879133.6428571427,"upper_bound":2888676.714285714},"point_estimate":2882805.214285714,"standard_error":2468.9413459637562},"median_abs_dev":{"confidence_interval":{"confidence_level":0.95,"lower_bound":4235.999924795771,"upper_bound":15535.847424183868},"point_estimate":6883.711677789688,"standard_error":3174.2369438270316},"slope":null,"std_dev":{"confidence_interval":{"confidence_level":0.95,"lower_bound":8800.890638309802,"upper_bound":53431.82827508265},"point_estimate":34371.4681058844,"standard_error":12554.025228853381}}