{"mean":{"confidence_interval":{"confidence_level":0.95,"lower_bound":1838007.6455,"upper_bound":2273567.185},"point_estimate":2024549.4,"standard_error":112028.09716061011},"median":{"confidence_interval":{"confidence_level":0.95,"lower_bound":1763897.50625,"upper_bound":1994770.0},"point_estimate":1848143.75,"standard_error":51052.32440886418},"median_abs_dev":{"confidence_interval":{"confidence_level":0.95,"lower_bound":197903.01350276923,"upper_bound":412170.0018250197},"point_estimate":340519.8554545641,"standard_error":53392.8433485544},"slope":null,"std_dev":{"confidence_interval":{"confidence_level":0.95,"lower_bound":265004.4360746579,"upper_bound":1334586.0268523945},"point_estimate":839135.5796592111,"standard_error":324009.6073959204}}