{"mean":{"confidence_interval":{"confidence_level":0.95,"lower_bound":1484626.6475,"upper_bound":1583610.34775},"point_estimate":1529882.54,"standard_error":25159.350359486514},"median":{"confidence_interval":{"confidence_level":0.95,"lower_bound":1443025.0,"upper_bound":1550657.5},"point_estimate":1490553.25,"standard_error":30361.4643427008},"median_abs_dev":{"confidence_interval":{"confidence_level":0.95,"lower_bound":139151.64442956448,"upper_bound":252729.3659381568},"point_estimate":175811.1526787281,"standard_error":29104.174739792208},"slope":null,"std_dev":{"confidence_interval":{"confidence_level":0.95,"lower_bound":160234.72707039496,"upper_bound":364313.14997601946},"point_estimate":254160.4938872354,"standard_error":61925.78358563875}}