{"mean":{"confidence_interval":{"confidence_level":0.95,"lower_bound":-0.8445772638113093,"upper_bound":-0.8397377844098755},"point_estimate":-0.8419647761168432,"standard_error":0.0012331672189788976},"median":{"confidence_interval":{"confidence_level":0.95,"lower_bound":-0.8442374192159643,"upper_bound":-0.8408356883099659},"point_estimate":-0.8424393067435709,"standard_error":0.0007784406196253965}}