{"mean":{"confidence_interval":{"confidence_level":0.95,"lower_bound":0.05019242273328355,"upper_bound":0.08125694801210999},"point_estimate":0.0659730162272687,"standard_error":0.007996946667739119},"median":{"confidence_interval":{"confidence_level":0.95,"lower_bound":0.046554437983385544,"upper_bound":0.07257279180882703},"point_estimate":0.05450454787272019,"standard_error":0.006942844616206293}}