{"mean":{"confidence_interval":{"confidence_level":0.95,"lower_bound":23554864.355375,"upper_bound":24399752.7665},"point_estimate":23935176.56,"standard_error":216683.58633338413},"median":{"confidence_interval":{"confidence_level":0.95,"lower_bound":23171395.5,"upper_bound":23818675.0},"point_estimate":23566262.25,"standard_error":171950.128541158},"median_abs_dev":{"confidence_interval":{"confidence_level":0.95,"lower_bound":922434.0626060218,"upper_bound":1494006.356576085},"point_estimate":1131424.6722131968,"standard_error":147046.25130401985},"slope":null,"std_dev":{"confidence_interval":{"confidence_level":0.95,"lower_bound":1255637.0096117158,"upper_bound":2965798.0984309576},"point_estimate":2154009.1216699393,"standard_error":450058.42192027054}}