{"mean":{"confidence_interval":{"confidence_level":0.95,"lower_bound":21297202.978125,"upper_bound":22809191.879},"point_estimate":21965865.89,"standard_error":390830.7705671206},"median":{"confidence_interval":{"confidence_level":0.95,"lower_bound":20791838.0,"upper_bound":21299623.0},"point_estimate":21048132.0,"standard_error":134081.42207275683},"median_abs_dev":{"confidence_interval":{"confidence_level":0.95,"lower_bound":693794.5184826851,"upper_bound":1191868.0492401123},"point_estimate":911527.668017149,"standard_error":133282.65288381575},"slope":null,"std_dev":{"confidence_interval":{"confidence_level":0.95,"lower_bound":1832438.9255160785,"upper_bound":5695533.248066958},"point_estimate":3898417.4202264408,"standard_error":1003782.9950647005}}