{"mean":{"confidence_interval":{"confidence_level":0.95,"lower_bound":-0.952679715044475,"upper_bound":-0.9483499095255989},"point_estimate":-0.9506264981691128,"standard_error":0.001196485406850906},"median":{"confidence_interval":{"confidence_level":0.95,"lower_bound":-0.9543875175770282,"upper_bound":-0.9522261493738098},"point_estimate":-0.9532379551346738,"standard_error":0.0005681979893885689}}