{"mean":{"confidence_interval":{"confidence_level":0.95,"lower_bound":0.061280366101640504,"upper_bound":0.10372820703732638},"point_estimate":0.08097996882449165,"standard_error":0.010321939794224905},"median":{"confidence_interval":{"confidence_level":0.95,"lower_bound":0.04376610340153387,"upper_bound":0.09811211814242737},"point_estimate":0.05747067681060458,"standard_error":0.01255938389210375}}