{"mean":{"confidence_interval":{"confidence_level":0.95,"lower_bound":-0.9475309338201789,"upper_bound":-0.9419645973612805},"point_estimate":-0.9449597776517781,"standard_error":0.0013515547023244673},"median":{"confidence_interval":{"confidence_level":0.95,"lower_bound":-0.9524898442000377,"upper_bound":-0.9492374787142577},"point_estimate":-0.9517236307887343,"standard_error":0.0008758468369294916}}