{"mean":{"confidence_interval":{"confidence_level":0.95,"lower_bound":0.04112219823906828,"upper_bound":0.07431479020825811},"point_estimate":0.05777435614843496,"standard_error":0.009127888461794971},"median":{"confidence_interval":{"confidence_level":0.95,"lower_bound":0.04476661294260964,"upper_bound":0.056752493797268544},"point_estimate":0.04991758770070054,"standard_error":0.003437341389720138}}