{"mean":{"confidence_interval":{"confidence_level":0.95,"lower_bound":740665.742366179,"upper_bound":765558.8676600003},"point_estimate":751411.7201320219,"standard_error":6407.747165643787},"median":{"confidence_interval":{"confidence_level":0.95,"lower_bound":740540.0857142857,"upper_bound":745859.25},"point_estimate":741737.16,"standard_error":1726.382884741477},"median_abs_dev":{"confidence_interval":{"confidence_level":0.95,"lower_bound":2673.5540000348938,"upper_bound":15904.511385330885},"point_estimate":5162.546542346429,"standard_error":3756.8283328787657},"slope":{"confidence_interval":{"confidence_level":0.95,"lower_bound":738404.5651457874,"upper_bound":764731.4358181859},"point_estimate":749477.382479638,"standard_error":6869.321357806244},"std_dev":{"confidence_interval":{"confidence_level":0.95,"lower_bound":8326.14357801708,"upper_bound":47127.92254193634},"point_estimate":32489.76648741372,"standard_error":10365.821904681752}}