{"mean":{"confidence_interval":{"confidence_level":0.95,"lower_bound":740053.5583598481,"upper_bound":777712.4523901514},"point_estimate":755921.980757576,"standard_error":9730.295015922442},"median":{"confidence_interval":{"confidence_level":0.95,"lower_bound":722776.9318181819,"upper_bound":733899.8636363636},"point_estimate":726021.2727272727,"standard_error":3005.046306325942},"median_abs_dev":{"confidence_interval":{"confidence_level":0.95,"lower_bound":14749.769388139219,"upper_bound":31389.592602950608},"point_estimate":21021.054958619843,"standard_error":4030.7563652718736},"slope":null,"std_dev":{"confidence_interval":{"confidence_level":0.95,"lower_bound":40955.27621049354,"upper_bound":149541.77914110263},"point_estimate":96371.77236926925,"standard_error":32263.346612788217}}