{"mean":{"confidence_interval":{"confidence_level":0.95,"lower_bound":740724.8845942026,"upper_bound":756550.1629999998},"point_estimate":748402.1192753622,"standard_error":4046.633452614157},"median":{"confidence_interval":{"confidence_level":0.95,"lower_bound":729399.268115942,"upper_bound":743943.8115942029},"point_estimate":736556.1449275363,"standard_error":3712.7824194522427},"median_abs_dev":{"confidence_interval":{"confidence_level":0.95,"lower_bound":16837.385106294212,"upper_bound":31817.76029675227},"point_estimate":24085.90017673767,"standard_error":3931.6651689362134},"slope":null,"std_dev":{"confidence_interval":{"confidence_level":0.95,"lower_bound":27693.824402001665,"upper_bound":52409.932328893134},"point_estimate":40867.27268595019,"standard_error":6399.410644933876}}