{"mean":{"confidence_interval":{"confidence_level":0.95,"lower_bound":0.3339488667633863,"upper_bound":0.47692981873922125},"point_estimate":0.3878351355780558,"standard_error":0.03453811422874375},"median":{"confidence_interval":{"confidence_level":0.95,"lower_bound":0.31264557606104204,"upper_bound":0.3777264210600899},"point_estimate":0.34403334050671197,"standard_error":0.01579973470534571}}