{"mean":{"confidence_interval":{"confidence_level":0.95,"lower_bound":0.3658176249385517,"upper_bound":0.46162533868577676},"point_estimate":0.4108043777541541,"standard_error":0.025028074788953695},"median":{"confidence_interval":{"confidence_level":0.95,"lower_bound":0.3404391219053573,"upper_bound":0.39814042093347446},"point_estimate":0.3739331721233159,"standard_error":0.013661118964607801}}