{"mean":{"confidence_interval":{"confidence_level":0.95,"lower_bound":808510.3809166666,"upper_bound":905462.3147500003},"point_estimate":850145.4233333333,"standard_error":25419.519150139156},"median":{"confidence_interval":{"confidence_level":0.95,"lower_bound":786335.3333333333,"upper_bound":808991.9999999999},"point_estimate":796519.0,"standard_error":6501.485249471226},"median_abs_dev":{"confidence_interval":{"confidence_level":0.95,"lower_bound":40549.603480100675,"upper_bound":89627.72740378969},"point_estimate":59430.26704490188,"standard_error":13155.794818110986},"slope":null,"std_dev":{"confidence_interval":{"confidence_level":0.95,"lower_bound":81608.2555563643,"upper_bound":389210.476428132},"point_estimate":255587.11800978868,"standard_error":83182.38324232765}}