{"mean":{"confidence_interval":{"confidence_level":0.95,"lower_bound":794170.5859999999,"upper_bound":842042.1604999998},"point_estimate":814953.4033333334,"standard_error":12268.796677872413},"median":{"confidence_interval":{"confidence_level":0.95,"lower_bound":770449.5,"upper_bound":805518.5},"point_estimate":779900.1666666667,"standard_error":11105.493693862534},"median_abs_dev":{"confidence_interval":{"confidence_level":0.95,"lower_bound":44182.35024310647,"upper_bound":77940.28061628342},"point_estimate":59530.09544312954,"standard_error":8105.535983474568},"slope":null,"std_dev":{"confidence_interval":{"confidence_level":0.95,"lower_bound":61243.53800193308,"upper_bound":187167.11528580036},"point_estimate":122999.07513538476,"standard_error":39230.85483704711}}