{"mean":{"confidence_interval":{"confidence_level":0.95,"lower_bound":1277193.499,"upper_bound":1401755.984},"point_estimate":1337483.04,"standard_error":31657.646736650662},"median":{"confidence_interval":{"confidence_level":0.95,"lower_bound":1230518.0,"upper_bound":1378819.0},"point_estimate":1358519.0,"standard_error":45232.711615375054},"median_abs_dev":{"confidence_interval":{"confidence_level":0.95,"lower_bound":64937.87884712219,"upper_bound":236479.14360165596},"point_estimate":164570.07967829704,"standard_error":46467.28623867077},"slope":null,"std_dev":{"confidence_interval":{"confidence_level":0.95,"lower_bound":106396.48754377777,"upper_bound":202626.1861001264},"point_estimate":160268.70728183343,"standard_error":24561.819905149176}}