{"mean":{"confidence_interval":{"confidence_level":0.95,"lower_bound":1515645.7392499999,"upper_bound":1624466.27575},"point_estimate":1569211.86,"standard_error":27984.853295580702},"median":{"confidence_interval":{"confidence_level":0.95,"lower_bound":1436715.0,"upper_bound":1567271.0},"point_estimate":1517519.0,"standard_error":27440.654518976182},"median_abs_dev":{"confidence_interval":{"confidence_level":0.95,"lower_bound":173323.34992289543,"upper_bound":292382.05820918083},"point_estimate":224846.66420817375,"standard_error":31438.323553042625},"slope":null,"std_dev":{"confidence_interval":{"confidence_level":0.95,"lower_bound":231688.4158802419,"upper_bound":317949.07234826905},"point_estimate":278190.5149340159,"standard_error":21849.7301659185}}