{"mean":{"confidence_interval":{"confidence_level":0.95,"lower_bound":-0.988544617738109,"upper_bound":-0.9882551540416845},"point_estimate":-0.9884217733794887,"standard_error":0.00007338582370670379},"median":{"confidence_interval":{"confidence_level":0.95,"lower_bound":-0.9886394379400743,"upper_bound":-0.9885041137679836},"point_estimate":-0.9885756071988072,"standard_error":0.00003250728149898538}}