{"mean":{"confidence_interval":{"confidence_level":0.95,"lower_bound":0.031941328775885194,"upper_bound":0.05464964791458316},"point_estimate":0.042568078849113844,"standard_error":0.00583130013501405},"median":{"confidence_interval":{"confidence_level":0.95,"lower_bound":0.023264786122989545,"upper_bound":0.05708831482465171},"point_estimate":0.031021350386230884,"standard_error":0.010377669484660528}}