{"mean":{"confidence_interval":{"confidence_level":0.95,"lower_bound":0.19956416183313685,"upper_bound":0.32905883847981393},"point_estimate":0.26922353210630323,"standard_error":0.03338165195490253},"median":{"confidence_interval":{"confidence_level":0.95,"lower_bound":0.19862551244131477,"upper_bound":0.29435113170072436},"point_estimate":0.2250514263391863,"standard_error":0.026086074670000754}}