{"mean":{"confidence_interval":{"confidence_level":0.95,"lower_bound":0.3537181541994832,"upper_bound":0.4900317069668355},"point_estimate":0.4267200529970516,"standard_error":0.03521080272489091},"median":{"confidence_interval":{"confidence_level":0.95,"lower_bound":0.394732559046612,"upper_bound":0.5048958335211691},"point_estimate":0.4309362395808092,"standard_error":0.0291697352022176}}