{"mean":{"confidence_interval":{"confidence_level":0.95,"lower_bound":-0.9906854184610506,"upper_bound":-0.9903799975132535},"point_estimate":-0.9905233979055807,"standard_error":0.00007877350087318917},"median":{"confidence_interval":{"confidence_level":0.95,"lower_bound":-0.9906187345506868,"upper_bound":-0.9904476808752509},"point_estimate":-0.9905494991176662,"standard_error":0.00003707399882892235}}