{"mean":{"confidence_interval":{"confidence_level":0.95,"lower_bound":-0.016317953997975816,"upper_bound":0.007507801890677932},"point_estimate":-0.004038940790120571,"standard_error":0.006046956626632208},"median":{"confidence_interval":{"confidence_level":0.95,"lower_bound":-0.013544396071509812,"upper_bound":0.006773719842295689},"point_estimate":-0.007881505353393159,"standard_error":0.00477119908266358}}