{"mean":{"confidence_interval":{"confidence_level":0.95,"lower_bound":1468887.2936666664,"upper_bound":1670879.366},"point_estimate":1559315.666666667,"standard_error":52611.689821839725},"median":{"confidence_interval":{"confidence_level":0.95,"lower_bound":1427251.6625,"upper_bound":1522686.0},"point_estimate":1472835.3333333335,"standard_error":26108.31958811046},"median_abs_dev":{"confidence_interval":{"confidence_level":0.95,"lower_bound":96776.1017093807,"upper_bound":233537.4181538819},"point_estimate":171882.75694847113,"standard_error":37374.94003537592},"slope":null,"std_dev":{"confidence_interval":{"confidence_level":0.95,"lower_bound":193699.86601998078,"upper_bound":519062.12547809805},"point_estimate":374514.0605477499,"standard_error":82824.38349435935}}