{"mean":{"confidence_interval":{"confidence_level":0.95,"lower_bound":0.21591080829948414,"upper_bound":0.2925537380913811},"point_estimate":0.2518109664943502,"standard_error":0.019668176417825034},"median":{"confidence_interval":{"confidence_level":0.95,"lower_bound":0.19785941010269692,"upper_bound":0.2579955304256185},"point_estimate":0.2273358385067532,"standard_error":0.014421262589136648}}