{"mean":{"confidence_interval":{"confidence_level":0.95,"lower_bound":0.06510779401183193,"upper_bound":0.12999073730321084},"point_estimate":0.09484987145758872,"standard_error":0.016714374629273804},"median":{"confidence_interval":{"confidence_level":0.95,"lower_bound":0.04558166480502801,"upper_bound":0.11459849690501156},"point_estimate":0.07951780975573053,"standard_error":0.01741538408693589}}