{"mean":{"confidence_interval":{"confidence_level":0.95,"lower_bound":0.23194871086510827,"upper_bound":0.2671639983248588},"point_estimate":0.24869428242589553,"standard_error":0.009205936220413838},"median":{"confidence_interval":{"confidence_level":0.95,"lower_bound":0.21851212474980208,"upper_bound":0.24369429449613866},"point_estimate":0.230783767974154,"standard_error":0.006380544399536108}}