{"mean":{"confidence_interval":{"confidence_level":0.95,"lower_bound":0.2776173645493281,"upper_bound":0.3272085775561966},"point_estimate":0.29954160975406974,"standard_error":0.01312532678730164},"median":{"confidence_interval":{"confidence_level":0.95,"lower_bound":0.25327155151200786,"upper_bound":0.30147281975970697},"point_estimate":0.2659886013465951,"standard_error":0.012723348321314129}}