{"mean":{"confidence_interval":{"confidence_level":0.95,"lower_bound":49663503.14225,"upper_bound":53878156.17475},"point_estimate":51766364.52,"standard_error":1072807.691023013},"median":{"confidence_interval":{"confidence_level":0.95,"lower_bound":48477886.5,"upper_bound":54487258.0},"point_estimate":50114961.0,"standard_error":1474514.8627098068},"median_abs_dev":{"confidence_interval":{"confidence_level":0.95,"lower_bound":8768269.708532095,"upper_bound":14778755.187492147},"point_estimate":12648926.21383667,"standard_error":1666277.0285985074},"slope":null,"std_dev":{"confidence_interval":{"confidence_level":0.95,"lower_bound":9189869.064119797,"upper_bound":11951379.545121944},"point_estimate":10639341.865552628,"standard_error":713110.7926797615}}