{"mean":{"confidence_interval":{"confidence_level":0.95,"lower_bound":0.057778593615552244,"upper_bound":0.09535780935830748},"point_estimate":0.07825773810119974,"standard_error":0.008904155922948348},"median":{"confidence_interval":{"confidence_level":0.95,"lower_bound":0.053287543272566795,"upper_bound":0.0691044130570182},"point_estimate":0.05974075667803569,"standard_error":0.003831540723437059}}