{"mean":{"confidence_interval":{"confidence_level":0.95,"lower_bound":-0.9572792619417269,"upper_bound":-0.9545712269638501},"point_estimate":-0.956009274611502,"standard_error":0.0007161856861186474},"median":{"confidence_interval":{"confidence_level":0.95,"lower_bound":-0.9568947799880982,"upper_bound":-0.9551757846981499},"point_estimate":-0.9562955368169879,"standard_error":0.00045613990733330386}}