{"mean":{"confidence_interval":{"confidence_level":0.95,"lower_bound":742777.7743492651,"upper_bound":774134.5417647057},"point_estimate":757172.2611764708,"standard_error":8022.343924142882},"median":{"confidence_interval":{"confidence_level":0.95,"lower_bound":726046.3676470588,"upper_bound":735536.2205882353},"point_estimate":731397.5808823529,"standard_error":2837.4971396915894},"median_abs_dev":{"confidence_interval":{"confidence_level":0.95,"lower_bound":14412.383233026194,"upper_bound":28134.002970595175},"point_estimate":22155.319918429217,"standard_error":3867.7524646832476},"slope":null,"std_dev":{"confidence_interval":{"confidence_level":0.95,"lower_bound":46248.2906718501,"upper_bound":112410.84373645656},"point_estimate":80976.1601797348,"standard_error":17275.092095062835}}