{"mean":{"confidence_interval":{"confidence_level":0.95,"lower_bound":19825743.779999997,"upper_bound":20522034.904},"point_estimate":20180713.84,"standard_error":175961.04703471807},"median":{"confidence_interval":{"confidence_level":0.95,"lower_bound":19883082.0,"upper_bound":20478990.0},"point_estimate":20231786.0,"standard_error":139298.42985258918},"median_abs_dev":{"confidence_interval":{"confidence_level":0.95,"lower_bound":311055.40487766266,"upper_bound":1165932.9279005527},"point_estimate":607873.4022080898,"standard_error":228144.07877832383},"slope":null,"std_dev":{"confidence_interval":{"confidence_level":0.95,"lower_bound":562806.6971202901,"upper_bound":1156350.3557390792},"point_estimate":893546.9082940227,"standard_error":151350.3333634516}}