{"mean":{"confidence_interval":{"confidence_level":0.95,"lower_bound":0.04539389749568471,"upper_bound":0.10020890519933523},"point_estimate":0.07592206858912864,"standard_error":0.014026556043995058},"median":{"confidence_interval":{"confidence_level":0.95,"lower_bound":0.07255309329320192,"upper_bound":0.10658832174406041},"point_estimate":0.09151827064630025,"standard_error":0.008619074628285366}}