{"mean":{"confidence_interval":{"confidence_level":0.95,"lower_bound":-0.7780024465012343,"upper_bound":-0.7667967897856264},"point_estimate":-0.771851287209212,"standard_error":0.002919335656117315},"median":{"confidence_interval":{"confidence_level":0.95,"lower_bound":-0.7730537759575489,"upper_bound":-0.7675232554761361},"point_estimate":-0.7699331850349734,"standard_error":0.0015354449074297344}}