{"mean":{"confidence_interval":{"confidence_level":0.95,"lower_bound":593826.963125,"upper_bound":648783.073},"point_estimate":616834.37,"standard_error":14459.222652219381},"median":{"confidence_interval":{"confidence_level":0.95,"lower_bound":577201.0,"upper_bound":603577.0},"point_estimate":590426.5,"standard_error":6166.7970143478115},"median_abs_dev":{"confidence_interval":{"confidence_level":0.95,"lower_bound":41810.801857709885,"upper_bound":66090.22967666388},"point_estimate":53487.01795041561,"standard_error":5981.35089292565},"slope":null,"std_dev":{"confidence_interval":{"confidence_level":0.95,"lower_bound":57563.3471934108,"upper_bound":232571.81629765968},"point_estimate":146292.29672428677,"standard_error":55273.58467833966}}