{"mean":{"confidence_interval":{"confidence_level":0.95,"lower_bound":2906285.9198163273,"upper_bound":2990667.99906613},"point_estimate":2942033.9723150213,"standard_error":22011.049045229596},"median":{"confidence_interval":{"confidence_level":0.95,"lower_bound":2897261.227272727,"upper_bound":2921469.25},"point_estimate":2902814.1304347827,"standard_error":5937.188509976658},"median_abs_dev":{"confidence_interval":{"confidence_level":0.95,"lower_bound":8159.893300587794,"upper_bound":45952.44488418102},"point_estimate":22285.35986174679,"standard_error":10047.530745542965},"slope":{"confidence_interval":{"confidence_level":0.95,"lower_bound":2910566.0153625095,"upper_bound":3046389.9905684614},"point_estimate":2968560.4028959274,"standard_error":35041.1756646394},"std_dev":{"confidence_interval":{"confidence_level":0.95,"lower_bound":26981.878961223854,"upper_bound":169403.22282312726},"point_estimate":112510.56929073467,"standard_error":38812.828137022574}}