{"mean":{"confidence_interval":{"confidence_level":0.95,"lower_bound":732273.5429021742,"upper_bound":758560.2932717392},"point_estimate":743461.0088405799,"standard_error":6802.899985682346},"median":{"confidence_interval":{"confidence_level":0.95,"lower_bound":723694.6666666666,"upper_bound":729511.884057971},"point_estimate":726833.0,"standard_error":1485.6561149626416},"median_abs_dev":{"confidence_interval":{"confidence_level":0.95,"lower_bound":9458.987832069397,"upper_bound":18649.034177609064},"point_estimate":12605.902967504822,"standard_error":2314.2495342695183},"slope":null,"std_dev":{"confidence_interval":{"confidence_level":0.95,"lower_bound":24520.553554503385,"upper_bound":105350.88200675465},"point_estimate":68103.94323979186,"standard_error":21454.791182701527}}