{"mean":{"confidence_interval":{"confidence_level":0.95,"lower_bound":381299.6325523809,"upper_bound":385168.72306666663},"point_estimate":382832.7398095238,"standard_error":1031.6781205493262},"median":{"confidence_interval":{"confidence_level":0.95,"lower_bound":380929.20952380955,"upper_bound":381999.7047619048},"point_estimate":381438.75238095236,"standard_error":297.57806766530894},"median_abs_dev":{"confidence_interval":{"confidence_level":0.95,"lower_bound":593.0682294708906,"upper_bound":1604.0178515230145},"point_estimate":1011.0202220508047,"standard_error":277.64828156593325},"slope":null,"std_dev":{"confidence_interval":{"confidence_level":0.95,"lower_bound":843.6512184673318,"upper_bound":8325.199438106187},"point_estimate":5252.08441383234,"standard_error":2259.5270253993444}}