{"mean":{"confidence_interval":{"confidence_level":0.95,"lower_bound":-0.0007055038813427133,"upper_bound":0.021922643558872856},"point_estimate":0.011361858929893831,"standard_error":0.005761863449989744},"median":{"confidence_interval":{"confidence_level":0.95,"lower_bound":-0.010933644067079973,"upper_bound":0.004597623901406722},"point_estimate":-0.007275932669579377,"standard_error":0.0040951958869341575}}