{"mean":{"confidence_interval":{"confidence_level":0.95,"lower_bound":-0.9850092083885412,"upper_bound":-0.9830037378641556},"point_estimate":-0.9842600155696521,"standard_error":0.0005443663049216421},"median":{"confidence_interval":{"confidence_level":0.95,"lower_bound":-0.984984978210421,"upper_bound":-0.9848957592884315},"point_estimate":-0.9849397728448509,"standard_error":0.000023304699102893217}}