{"mean":{"confidence_interval":{"confidence_level":0.95,"lower_bound":4180834.346,"upper_bound":5087298.462},"point_estimate":4617224.56,"standard_error":227506.69043117983},"median":{"confidence_interval":{"confidence_level":0.95,"lower_bound":3781025.0,"upper_bound":4965164.0},"point_estimate":4111636.0,"standard_error":286101.8946792674},"median_abs_dev":{"confidence_interval":{"confidence_level":0.95,"lower_bound":222397.40905165672,"upper_bound":1469102.6800382126},"point_estimate":652513.0048155785,"standard_error":322981.689218986},"slope":null,"std_dev":{"confidence_interval":{"confidence_level":0.95,"lower_bound":671133.8088156728,"upper_bound":1596068.7361730232},"point_estimate":1179374.166531134,"standard_error":243500.48817742107}}