{"mean":{"confidence_interval":{"confidence_level":0.95,"lower_bound":0.6334700558914121,"upper_bound":0.8234928271861928},"point_estimate":0.725261120530601,"standard_error":0.04794009084679382},"median":{"confidence_interval":{"confidence_level":0.95,"lower_bound":0.5096979256945052,"upper_bound":0.8379136246321455},"point_estimate":0.7800648416347002,"standard_error":0.11389938379715775}}