{"mean":{"confidence_interval":{"confidence_level":0.95,"lower_bound":0.6611788828075671,"upper_bound":0.8812294468775507},"point_estimate":0.7613434648781241,"standard_error":0.05514149145320179},"median":{"confidence_interval":{"confidence_level":0.95,"lower_bound":0.5560921769955103,"upper_bound":0.8390378255874105},"point_estimate":0.7975102647925041,"standard_error":0.11134094526904868}}