{"mean":{"confidence_interval":{"confidence_level":0.95,"lower_bound":4017570.518,"upper_bound":4543264.12},"point_estimate":4263860.44,"standard_error":132907.98555384946},"median":{"confidence_interval":{"confidence_level":0.95,"lower_bound":3785454.0,"upper_bound":4832369.0},"point_estimate":3886455.0,"standard_error":226819.6969017956},"median_abs_dev":{"confidence_interval":{"confidence_level":0.95,"lower_bound":111791.00321531296,"upper_bound":1006551.9481301308},"point_estimate":412465.24307727814,"standard_error":255313.04790341237},"slope":null,"std_dev":{"confidence_interval":{"confidence_level":0.95,"lower_bound":483931.1143520997,"upper_bound":822071.5545725432},"point_estimate":680751.789055617,"standard_error":86836.21774278399}}