{"mean":{"confidence_interval":{"confidence_level":0.95,"lower_bound":5573132.3295,"upper_bound":6358795.521000001},"point_estimate":5967442.74,"standard_error":200491.90336251486},"median":{"confidence_interval":{"confidence_level":0.95,"lower_bound":5092960.0,"upper_bound":6338875.5},"point_estimate":5411464.5,"standard_error":359366.92558436916},"median_abs_dev":{"confidence_interval":{"confidence_level":0.95,"lower_bound":621586.7106646299,"upper_bound":1772710.7072605938},"point_estimate":1268009.1947883368,"standard_error":310774.59228592773},"slope":null,"std_dev":{"confidence_interval":{"confidence_level":0.95,"lower_bound":1051057.3307509576,"upper_bound":1768718.222476622},"point_estimate":1448561.6447712395,"standard_error":183734.94450891606}}