{"mean":{"confidence_interval":{"confidence_level":0.95,"lower_bound":4910122.8235,"upper_bound":5311122.3115},"point_estimate":5106101.64,"standard_error":101742.27877483684},"median":{"confidence_interval":{"confidence_level":0.95,"lower_bound":4428505.0,"upper_bound":5252662.0},"point_estimate":4959442.0,"standard_error":226881.33913929333},"median_abs_dev":{"confidence_interval":{"confidence_level":0.95,"lower_bound":672553.308659792,"upper_bound":1439857.7098549157},"point_estimate":1122997.5739628077,"standard_error":206051.3618257753},"slope":null,"std_dev":{"confidence_interval":{"confidence_level":0.95,"lower_bound":908227.3010937297,"upper_bound":1138844.5200811396},"point_estimate":1033880.0633992489,"standard_error":59294.44382909828}}