{"mean":{"confidence_interval":{"confidence_level":0.95,"lower_bound":4816195.6959999995,"upper_bound":5201479.2},"point_estimate":5005838.86,"standard_error":98267.17653658803},"median":{"confidence_interval":{"confidence_level":0.95,"lower_bound":4498503.0,"upper_bound":5186534.0},"point_estimate":4782865.5,"standard_error":160023.31151542088},"median_abs_dev":{"confidence_interval":{"confidence_level":0.95,"lower_bound":724280.8510914445,"upper_bound":1287177.7298480272},"point_estimate":1046465.7633215189,"standard_error":137385.02357805992},"slope":null,"std_dev":{"confidence_interval":{"confidence_level":0.95,"lower_bound":849187.7145179722,"upper_bound":1119047.7306748487},"point_estimate":991780.6493627225,"standard_error":69579.61802360027}}