{"mean":{"confidence_interval":{"confidence_level":0.95,"lower_bound":1564461.1694999998,"upper_bound":1698409.5402499998},"point_estimate":1626729.44,"standard_error":34244.54355443528},"median":{"confidence_interval":{"confidence_level":0.95,"lower_bound":1508404.5,"upper_bound":1625412.0},"point_estimate":1563858.0,"standard_error":36710.081096593836},"median_abs_dev":{"confidence_interval":{"confidence_level":0.95,"lower_bound":167693.91782283783,"upper_bound":271487.0354801416},"point_estimate":210914.67225551605,"standard_error":25806.796892758455},"slope":null,"std_dev":{"confidence_interval":{"confidence_level":0.95,"lower_bound":210737.86201403703,"upper_bound":474087.56456920545},"point_estimate":344131.65124441613,"standard_error":69306.03968417122}}