{"mean":{"confidence_interval":{"confidence_level":0.95,"lower_bound":1815584.058,"upper_bound":2195640.9585},"point_estimate":1987409.08,"standard_error":99520.05331625325},"median":{"confidence_interval":{"confidence_level":0.95,"lower_bound":1650419.0,"upper_bound":1837271.0},"point_estimate":1798170.5,"standard_error":41121.69492779578},"median_abs_dev":{"confidence_interval":{"confidence_level":0.95,"lower_bound":199633.19840580225,"upper_bound":406980.71659214795},"point_estimate":316759.70827639103,"standard_error":55057.61645773223},"slope":null,"std_dev":{"confidence_interval":{"confidence_level":0.95,"lower_bound":386954.54413702514,"upper_bound":1022126.3412049597},"point_estimate":724295.6948670425,"standard_error":169843.7704622969}}