{"mean":{"confidence_interval":{"confidence_level":0.95,"lower_bound":-0.8801365706214586,"upper_bound":-0.8765368114121619},"point_estimate":-0.8784067580685565,"standard_error":0.0009275061227355913},"median":{"confidence_interval":{"confidence_level":0.95,"lower_bound":-0.8820635480786576,"upper_bound":-0.8789137477960287},"point_estimate":-0.8805014336346215,"standard_error":0.0009404069616140383}}