{"mean":{"confidence_interval":{"confidence_level":0.95,"lower_bound":0.0150504403842068,"upper_bound":0.06063670747437204},"point_estimate":0.03555811226345229,"standard_error":0.011576114157522749},"median":{"confidence_interval":{"confidence_level":0.95,"lower_bound":-0.0030931469285091495,"upper_bound":0.02345026289183938},"point_estimate":0.011392659492375223,"standard_error":0.007843497632868384}}