{"mean":{"confidence_interval":{"confidence_level":0.95,"lower_bound":59315110.14625,"upper_bound":64531259.98675},"point_estimate":61966375.52,"standard_error":1313214.7336839056},"median":{"confidence_interval":{"confidence_level":0.95,"lower_bound":57616078.0,"upper_bound":67228148.0},"point_estimate":63933614.5,"standard_error":2673974.2882837118},"median_abs_dev":{"confidence_interval":{"confidence_level":0.95,"lower_bound":9158856.186732799,"upper_bound":14925077.185771909},"point_estimate":11341930.570140481,"standard_error":1514402.6334504145},"slope":null,"std_dev":{"confidence_interval":{"confidence_level":0.95,"lower_bound":10800542.508516276,"upper_bound":14921959.788773386},"point_estimate":12987843.607985128,"standard_error":1045048.7410779359}}