{"mean":{"confidence_interval":{"confidence_level":0.95,"lower_bound":59116535.5005,"upper_bound":65944518.6545},"point_estimate":62613456.78,"standard_error":1740468.69353566},"median":{"confidence_interval":{"confidence_level":0.95,"lower_bound":57887180.0,"upper_bound":67813795.0},"point_estimate":60947964.0,"standard_error":2251767.7773325937},"median_abs_dev":{"confidence_interval":{"confidence_level":0.95,"lower_bound":7553009.196907282,"upper_bound":17990738.81158054},"point_estimate":13723771.905854344,"standard_error":2540110.662873473},"slope":null,"std_dev":{"confidence_interval":{"confidence_level":0.95,"lower_bound":10152555.782874664,"upper_bound":15362764.232998608},"point_estimate":12835276.400378734,"standard_error":1323084.2415628696}}