{"mean":{"confidence_interval":{"confidence_level":0.95,"lower_bound":48860008.918000005,"upper_bound":58350230.059},"point_estimate":53921725.92,"standard_error":2408504.647665161},"median":{"confidence_interval":{"confidence_level":0.95,"lower_bound":47164405.0,"upper_bound":60278998.0},"point_estimate":56134091.0,"standard_error":3526431.124244181},"median_abs_dev":{"confidence_interval":{"confidence_level":0.95,"lower_bound":6597688.490867615,"upper_bound":18476571.070330285},"point_estimate":13298456.227505207,"standard_error":3108176.7182331462},"slope":null,"std_dev":{"confidence_interval":{"confidence_level":0.95,"lower_bound":9029288.463901507,"upper_bound":14505184.490063827},"point_estimate":12285355.059784552,"standard_error":1385424.101535767}}