{"mean":{"confidence_interval":{"confidence_level":0.95,"lower_bound":0.14771246305169222,"upper_bound":0.27483162693023916},"point_estimate":0.21414793266921706,"standard_error":0.03336070244743352},"median":{"confidence_interval":{"confidence_level":0.95,"lower_bound":0.19118091552870964,"upper_bound":0.24610317327553655},"point_estimate":0.21941812844844555,"standard_error":0.014030422901614945}}