{"mean":{"confidence_interval":{"confidence_level":0.95,"lower_bound":0.33262831984117475,"upper_bound":0.47277731067482404},"point_estimate":0.4107363514938529,"standard_error":0.036661126156800596},"median":{"confidence_interval":{"confidence_level":0.95,"lower_bound":0.393421794945755,"upper_bound":0.44889130538452093},"point_estimate":0.41845202860828845,"standard_error":0.013901172100128678}}