{"mean":{"confidence_interval":{"confidence_level":0.95,"lower_bound":11485459.8695,"upper_bound":11592363.916749999},"point_estimate":11530075.57,"standard_error":27881.468419404646},"median":{"confidence_interval":{"confidence_level":0.95,"lower_bound":11475137.75,"upper_bound":11501288.25},"point_estimate":11489113.0,"standard_error":7736.969475890828},"median_abs_dev":{"confidence_interval":{"confidence_level":0.95,"lower_bound":14640.674740076065,"upper_bound":52188.63102346659},"point_estimate":27613.795159757137,"standard_error":9585.766677254946},"slope":null,"std_dev":{"confidence_interval":{"confidence_level":0.95,"lower_bound":23329.14983786516,"upper_bound":209464.0505352405},"point_estimate":142689.155437771,"standard_error":49427.14935075558}}