{"mean":{"confidence_interval":{"confidence_level":0.95,"lower_bound":11896825.385000004,"upper_bound":12150523.131550003},"point_estimate":12020888.736000001,"standard_error":64936.165803427524},"median":{"confidence_interval":{"confidence_level":0.95,"lower_bound":11742715.8,"upper_bound":12159119.8},"point_estimate":11845520.8,"standard_error":117032.71574258522},"median_abs_dev":{"confidence_interval":{"confidence_level":0.95,"lower_bound":579601.7848530125,"upper_bound":907052.1657156026},"point_estimate":728105.73663354,"standard_error":85383.74496726891},"slope":null,"std_dev":{"confidence_interval":{"confidence_level":0.95,"lower_bound":568134.5137930617,"upper_bound":735861.5881669994},"point_estimate":653394.5366537571,"standard_error":42659.69772048497}}