{"mean":{"confidence_interval":{"confidence_level":0.95,"lower_bound":4863798.8923,"upper_bound":5013388.552000001},"point_estimate":4930195.076000001,"standard_error":38382.62243344129},"median":{"confidence_interval":{"confidence_level":0.95,"lower_bound":4848257.6,"upper_bound":4919578.4},"point_estimate":4893908.2,"standard_error":19635.320205393757},"median_abs_dev":{"confidence_interval":{"confidence_level":0.95,"lower_bound":73403.52840332752,"upper_bound":174935.1584842793},"point_estimate":115688.61028611647,"standard_error":26915.14922187665},"slope":null,"std_dev":{"confidence_interval":{"confidence_level":0.95,"lower_bound":130875.89522339775,"upper_bound":389046.13899426936},"point_estimate":273245.4628721526,"standard_error":67592.69839872888}}