{"mean":{"confidence_interval":{"confidence_level":0.95,"lower_bound":0.021546641877030717,"upper_bound":0.0718364109280887},"point_estimate":0.044293491639761484,"standard_error":0.012981643702933428},"median":{"confidence_interval":{"confidence_level":0.95,"lower_bound":0.012539182001331417,"upper_bound":0.030365931428845583},"point_estimate":0.021905296690535758,"standard_error":0.0043443610328413405}}