{"mean":{"confidence_interval":{"confidence_level":0.95,"lower_bound":-0.9391071339205739,"upper_bound":-0.9314879798560324},"point_estimate":-0.9355026494711253,"standard_error":0.0020243441627785072},"median":{"confidence_interval":{"confidence_level":0.95,"lower_bound":-0.9409666515591129,"upper_bound":-0.9374131624060327},"point_estimate":-0.9387314616740101,"standard_error":0.0007934049439543378}}