{"mean":{"confidence_interval":{"confidence_level":0.95,"lower_bound":0.28895731327991103,"upper_bound":0.3975531073083715},"point_estimate":0.33432998284699855,"standard_error":0.02868153482669312},"median":{"confidence_interval":{"confidence_level":0.95,"lower_bound":0.2440392627238337,"upper_bound":0.29387041895389143},"point_estimate":0.26597736453619336,"standard_error":0.012627370700723953}}