{"mean":{"confidence_interval":{"confidence_level":0.95,"lower_bound":0.46692026037939305,"upper_bound":0.5592032287186759},"point_estimate":0.5088373327959486,"standard_error":0.02362698674496408},"median":{"confidence_interval":{"confidence_level":0.95,"lower_bound":0.4554684991177833,"upper_bound":0.504554560003544},"point_estimate":0.47655021880632353,"standard_error":0.012518447383119639}}