{"mean":{"confidence_interval":{"confidence_level":0.95,"lower_bound":381852.23480769224,"upper_bound":432715.7502211536},"point_estimate":401720.0476923076,"standard_error":13439.665427581464},"median":{"confidence_interval":{"confidence_level":0.95,"lower_bound":380142.89423076925,"upper_bound":382176.57692307694},"point_estimate":381057.32692307694,"standard_error":527.4192265978664},"median_abs_dev":{"confidence_interval":{"confidence_level":0.95,"lower_bound":1016.4505838774187,"upper_bound":4403.664060280847},"point_estimate":2131.2517179319625,"standard_error":859.3837683063008},"slope":null,"std_dev":{"confidence_interval":{"confidence_level":0.95,"lower_bound":3287.036787734128,"upper_bound":109430.6660789864},"point_estimate":68712.3757017273,"standard_error":31137.43366686939}}