{"mean":{"confidence_interval":{"confidence_level":0.95,"lower_bound":11515877.724750001,"upper_bound":12939873.000249999},"point_estimate":12159284.4,"standard_error":364667.31174328685},"median":{"confidence_interval":{"confidence_level":0.95,"lower_bound":11446587.25,"upper_bound":11531638.5},"point_estimate":11462612.5,"standard_error":22314.977173554948},"median_abs_dev":{"confidence_interval":{"confidence_level":0.95,"lower_bound":14084.699749946594,"upper_bound":134474.04151260853},"point_estimate":31876.27008408308,"standard_error":41527.54775986337},"slope":null,"std_dev":{"confidence_interval":{"confidence_level":0.95,"lower_bound":137969.39611590636,"upper_bound":2643863.3480870244},"point_estimate":1857552.3232193708,"standard_error":568829.6618083243}}