{"mean":{"confidence_interval":{"confidence_level":0.95,"lower_bound":9891176.336000001,"upper_bound":10376784.564},"point_estimate":10093565.29,"standard_error":126894.84211792126},"median":{"confidence_interval":{"confidence_level":0.95,"lower_bound":9961027.0,"upper_bound":10051877.5},"point_estimate":9994452.0,"standard_error":19688.741909194938},"median_abs_dev":{"confidence_interval":{"confidence_level":0.95,"lower_bound":91803.69305390872,"upper_bound":225700.63252676264},"point_estimate":153933.16616714,"standard_error":34187.11506634287},"slope":null,"std_dev":{"confidence_interval":{"confidence_level":0.95,"lower_bound":221134.99391381518,"upper_bound":1455366.6522350763},"point_estimate":914515.2730769796,"standard_error":356276.5922411592}}