{"mean":{"confidence_interval":{"confidence_level":0.95,"lower_bound":10775682.69525,"upper_bound":10849522.9055},"point_estimate":10804724.24,"standard_error":19710.295099695573},"median":{"confidence_interval":{"confidence_level":0.95,"lower_bound":10767303.25,"upper_bound":10803204.25},"point_estimate":10781328.75,"standard_error":7393.02914481154},"median_abs_dev":{"confidence_interval":{"confidence_level":0.95,"lower_bound":13714.420406520367,"upper_bound":57340.66593199968},"point_estimate":27206.450816988945,"standard_error":11942.286646939076},"slope":null,"std_dev":{"confidence_interval":{"confidence_level":0.95,"lower_bound":25512.74244310414,"upper_bound":162384.71021850852},"point_estimate":101039.75437865203,"standard_error":44346.16162614526}}