{"mean":{"confidence_interval":{"confidence_level":0.95,"lower_bound":739676.0381132077,"upper_bound":808079.3762264149},"point_estimate":767712.7064150943,"standard_error":18075.2249821724},"median":{"confidence_interval":{"confidence_level":0.95,"lower_bound":734563.2452830189,"upper_bound":742753.9433962264},"point_estimate":736368.9433962264,"standard_error":1913.344766142153},"median_abs_dev":{"confidence_interval":{"confidence_level":0.95,"lower_bound":2509.2305214899825,"upper_bound":12143.528807050667},"point_estimate":5004.5301979443175,"standard_error":2691.271237490268},"slope":null,"std_dev":{"confidence_interval":{"confidence_level":0.95,"lower_bound":10742.971380446603,"upper_bound":142484.4055364806},"point_estimate":92120.14377778217,"standard_error":36528.59020652127}}