{"mean":{"confidence_interval":{"confidence_level":0.95,"lower_bound":769517.1069393941,"upper_bound":803310.4943825759},"point_estimate":784503.4986363639,"standard_error":8819.236908987172},"median":{"confidence_interval":{"confidence_level":0.95,"lower_bound":755539.4393939395,"upper_bound":766927.8484848485},"point_estimate":762704.9090909091,"standard_error":3037.4403914764234},"median_abs_dev":{"confidence_interval":{"confidence_level":0.95,"lower_bound":16534.022297371626,"upper_bound":30827.53305622461},"point_estimate":24255.09970120396,"standard_error":3694.3464217514443},"slope":null,"std_dev":{"confidence_interval":{"confidence_level":0.95,"lower_bound":34090.926774428364,"upper_bound":135129.0938678329},"point_estimate":89105.32631753558,"standard_error":26936.19473671623}}