{"mean":{"confidence_interval":{"confidence_level":0.95,"lower_bound":1885044.2550833337,"upper_bound":2101546.626333333},"point_estimate":1977101.5299999998,"standard_error":56523.760987335416},"median":{"confidence_interval":{"confidence_level":0.95,"lower_bound":1826232.1666666665,"upper_bound":1907319.3333333333},"point_estimate":1873250.8333333335,"standard_error":22283.94464267149},"median_abs_dev":{"confidence_interval":{"confidence_level":0.95,"lower_bound":121800.77693760378,"upper_bound":229664.87937763322},"point_estimate":197194.69209909474,"standard_error":28880.849829973573},"slope":null,"std_dev":{"confidence_interval":{"confidence_level":0.95,"lower_bound":176400.2688665558,"upper_bound":896073.597478828},"point_estimate":565872.0745228013,"standard_error":205945.01949532767}}