{"mean":{"confidence_interval":{"confidence_level":0.95,"lower_bound":1430019.2999999998,"upper_bound":1506303.0396666669},"point_estimate":1469165.2000000002,"standard_error":18953.711507065666},"median":{"confidence_interval":{"confidence_level":0.95,"lower_bound":1435416.0,"upper_bound":1525952.3333333333},"point_estimate":1462450.3333333333,"standard_error":23593.5682334841},"median_abs_dev":{"confidence_interval":{"confidence_level":0.95,"lower_bound":34047.66129553327,"upper_bound":174507.94730186462},"point_estimate":94148.06352853775,"standard_error":36269.13574994816},"slope":null,"std_dev":{"confidence_interval":{"confidence_level":0.95,"lower_bound":72055.87029227222,"upper_bound":117672.26609312184},"point_estimate":98480.93527100487,"standard_error":11431.135340365065}}