{"mean":{"confidence_interval":{"confidence_level":0.95,"lower_bound":2394198.1158333328,"upper_bound":2428442.212444444},"point_estimate":2410922.2688888884,"standard_error":8694.249898341563},"median":{"confidence_interval":{"confidence_level":0.95,"lower_bound":2403933.777777778,"upper_bound":2421456.166666667},"point_estimate":2412900.5,"standard_error":4230.409775615351},"median_abs_dev":{"confidence_interval":{"confidence_level":0.95,"lower_bound":17436.199357112862,"upper_bound":38424.46115116217},"point_estimate":26250.58566729224,"standard_error":5386.106977445458},"slope":null,"std_dev":{"confidence_interval":{"confidence_level":0.95,"lower_bound":38516.521225235054,"upper_bound":84961.29422756445},"point_estimate":62801.167793267006,"standard_error":12284.411194605162}}