{"mean":{"confidence_interval":{"confidence_level":0.95,"lower_bound":-0.0017239903427723792,"upper_bound":0.059257482908279306},"point_estimate":0.03123018215474449,"standard_error":0.015666395968655936},"median":{"confidence_interval":{"confidence_level":0.95,"lower_bound":0.013043084953928252,"upper_bound":0.023376407667850874},"point_estimate":0.016609564691525858,"standard_error":0.002618603023123284}}