{"mean":{"confidence_interval":{"confidence_level":0.95,"lower_bound":-0.9640739297180881,"upper_bound":-0.9616081249865434},"point_estimate":-0.9627204765246669,"standard_error":0.0006388961396909096},"median":{"confidence_interval":{"confidence_level":0.95,"lower_bound":-0.9634599383804501,"upper_bound":-0.9614429382671763},"point_estimate":-0.962386342628272,"standard_error":0.0005080360853720794}}