{"mean":{"confidence_interval":{"confidence_level":0.95,"lower_bound":0.06882239001977081,"upper_bound":0.13623600525423799},"point_estimate":0.10080271507402716,"standard_error":0.017160947852142398},"median":{"confidence_interval":{"confidence_level":0.95,"lower_bound":0.056147000582771334,"upper_bound":0.1269026950128823},"point_estimate":0.10290560433716811,"standard_error":0.017025224022122216}}