{"mean":{"confidence_interval":{"confidence_level":0.95,"lower_bound":0.1384204280114365,"upper_bound":0.20751522302674982},"point_estimate":0.17297355976400763,"standard_error":0.01772520712313148},"median":{"confidence_interval":{"confidence_level":0.95,"lower_bound":0.11942913065268645,"upper_bound":0.22349808620402722},"point_estimate":0.18245872297376176,"standard_error":0.02666267469035678}}