{"mean":{"confidence_interval":{"confidence_level":0.95,"lower_bound":1544515.3963749998,"upper_bound":1576459.868458333},"point_estimate":1559758.4666666668,"standard_error":8189.845475187184},"median":{"confidence_interval":{"confidence_level":0.95,"lower_bound":1537023.4166666667,"upper_bound":1559993.5833333333},"point_estimate":1549599.25,"standard_error":6266.545954057258},"median_abs_dev":{"confidence_interval":{"confidence_level":0.95,"lower_bound":38227.9816488179,"upper_bound":69712.35113985835},"point_estimate":56873.89404028648,"standard_error":8285.64342822355},"slope":null,"std_dev":{"confidence_interval":{"confidence_level":0.95,"lower_bound":58432.20122249663,"upper_bound":104478.87569252105},"point_estimate":83120.9984635295,"standard_error":11891.614246704776}}