{"mean":{"confidence_interval":{"confidence_level":0.95,"lower_bound":403619.3883515625,"upper_bound":419961.6500507812},"point_estimate":410725.491171875,"standard_error":4192.611464786963},"median":{"confidence_interval":{"confidence_level":0.95,"lower_bound":403120.2890625,"upper_bound":409283.4765625},"point_estimate":406154.44921875,"standard_error":1816.4148842387783},"median_abs_dev":{"confidence_interval":{"confidence_level":0.95,"lower_bound":10597.624611854553,"upper_bound":22452.87898511218},"point_estimate":14040.204376517795,"standard_error":3186.606038698238},"slope":null,"std_dev":{"confidence_interval":{"confidence_level":0.95,"lower_bound":22403.118205596733,"upper_bound":64377.802947081786},"point_estimate":42601.97576380447,"standard_error":12866.775027318503}}