{"mean":{"confidence_interval":{"confidence_level":0.95,"lower_bound":2298140.671571429,"upper_bound":2385774.631428572},"point_estimate":2344393.3257142855,"standard_error":22359.640581914202},"median":{"confidence_interval":{"confidence_level":0.95,"lower_bound":2287189.5714285714,"upper_bound":2411962.8571428573},"point_estimate":2371362.285714286,"standard_error":32412.55137595173},"median_abs_dev":{"confidence_interval":{"confidence_level":0.95,"lower_bound":43461.994628395056,"upper_bound":161436.07513393654},"point_estimate":95311.48090788267,"standard_error":31569.925966172246},"slope":null,"std_dev":{"confidence_interval":{"confidence_level":0.95,"lower_bound":75676.17472778479,"upper_bound":142170.19743322488},"point_estimate":112900.22615178116,"standard_error":17155.962491284423}}