{"mean":{"confidence_interval":{"confidence_level":0.95,"lower_bound":2393442.62025,"upper_bound":2507891.0455},"point_estimate":2448132.76,"standard_error":28638.466237254008},"median":{"confidence_interval":{"confidence_level":0.95,"lower_bound":2373839.75,"upper_bound":2505818.5},"point_estimate":2445191.5,"standard_error":36478.59071867439},"median_abs_dev":{"confidence_interval":{"confidence_level":0.95,"lower_bound":62419.31214183569,"upper_bound":193900.54954882708},"point_estimate":108232.76327848434,"standard_error":32934.476466721535},"slope":null,"std_dev":{"confidence_interval":{"confidence_level":0.95,"lower_bound":93119.05290248619,"upper_bound":192539.21320863796},"point_estimate":148339.71152552663,"standard_error":26216.46738207646}}