{"mean":{"confidence_interval":{"confidence_level":0.95,"lower_bound":1721095.5715,"upper_bound":2048739.9054999999},"point_estimate":1866521.34,"standard_error":81969.98433468214},"median":{"confidence_interval":{"confidence_level":0.95,"lower_bound":1689955.2625,"upper_bound":1839071.5},"point_estimate":1790520.5,"standard_error":41797.491821175034},"median_abs_dev":{"confidence_interval":{"confidence_level":0.95,"lower_bound":145265.21955102685,"upper_bound":306013.0823671818},"point_estimate":220316.57998859882,"standard_error":42511.33804286829},"slope":null,"std_dev":{"confidence_interval":{"confidence_level":0.95,"lower_bound":200164.83538541023,"upper_bound":844574.5838103283},"point_estimate":584205.1873681904,"standard_error":165779.40834618162}}