{"mean":{"confidence_interval":{"confidence_level":0.95,"lower_bound":9448287.82025,"upper_bound":10175105.48025},"point_estimate":9808889.07,"standard_error":184827.47261400367},"median":{"confidence_interval":{"confidence_level":0.95,"lower_bound":9409324.0,"upper_bound":10277363.0},"point_estimate":9790891.0,"standard_error":231205.75176815913},"median_abs_dev":{"confidence_interval":{"confidence_level":0.95,"lower_bound":1183331.2200591718,"upper_bound":1771491.2502497435},"point_estimate":1435442.916315794,"standard_error":151008.37431256357},"slope":null,"std_dev":{"confidence_interval":{"confidence_level":0.95,"lower_bound":1444721.8251220789,"upper_bound":2252714.112008112},"point_estimate":1858016.3896610318,"standard_error":205291.4191643958}}