{"mean":{"confidence_interval":{"confidence_level":0.95,"lower_bound":9177804.942,"upper_bound":10840448.64},"point_estimate":10000043.52,"standard_error":435341.98843273905},"median":{"confidence_interval":{"confidence_level":0.95,"lower_bound":8821686.0,"upper_bound":10599224.0},"point_estimate":10198870.0,"standard_error":411449.1401421701},"median_abs_dev":{"confidence_interval":{"confidence_level":0.95,"lower_bound":649168.2592749596,"upper_bound":2764057.0915281773},"point_estimate":1487247.9245960712,"standard_error":511803.99407223053},"slope":null,"std_dev":{"confidence_interval":{"confidence_level":0.95,"lower_bound":1349280.5036459202,"upper_bound":3001751.6879669745},"point_estimate":2242594.351356893,"standard_error":431588.05861592136}}