{"mean":{"confidence_interval":{"confidence_level":0.95,"lower_bound":9375288.315750001,"upper_bound":10345509.28575},"point_estimate":9864352.46,"standard_error":248307.31197519},"median":{"confidence_interval":{"confidence_level":0.95,"lower_bound":9638766.0,"upper_bound":10450672.0},"point_estimate":9887583.5,"standard_error":260425.58062901846},"median_abs_dev":{"confidence_interval":{"confidence_level":0.95,"lower_bound":1402191.1641061306,"upper_bound":2900092.3108130693},"point_estimate":2108328.32736969,"standard_error":373584.2696379634},"slope":null,"std_dev":{"confidence_interval":{"confidence_level":0.95,"lower_bound":2104024.8742126427,"upper_bound":2804276.949186403},"point_estimate":2474919.693010568,"standard_error":177436.04500361424}}