{"mean":{"confidence_interval":{"confidence_level":0.95,"lower_bound":16313741.995749999,"upper_bound":17561898.25625},"point_estimate":16900513.3,"standard_error":317888.0746087279},"median":{"confidence_interval":{"confidence_level":0.95,"lower_bound":16233116.61875,"upper_bound":17707835.0},"point_estimate":16558043.25,"standard_error":316066.4670730512},"median_abs_dev":{"confidence_interval":{"confidence_level":0.95,"lower_bound":860782.3480680586,"upper_bound":1832017.1154326946},"point_estimate":1546930.3571864963,"standard_error":262525.25054131396},"slope":null,"std_dev":{"confidence_interval":{"confidence_level":0.95,"lower_bound":1393045.8901206735,"upper_bound":2948705.454752367},"point_estimate":2230043.2806401257,"standard_error":400128.5986855056}}