{"mean":{"confidence_interval":{"confidence_level":0.95,"lower_bound":11738874.386,"upper_bound":12501519.261666667},"point_estimate":12175239.386666665,"standard_error":197093.51734659993},"median":{"confidence_interval":{"confidence_level":0.95,"lower_bound":12193339.666666666,"upper_bound":12558378.0},"point_estimate":12397176.0,"standard_error":80110.5856153824},"median_abs_dev":{"confidence_interval":{"confidence_level":0.95,"lower_bound":173021.88792824652,"upper_bound":545258.757519722},"point_estimate":434210.04269122984,"standard_error":103282.19429609478},"slope":null,"std_dev":{"confidence_interval":{"confidence_level":0.95,"lower_bound":294070.4420801439,"upper_bound":1443013.8940571174},"point_estimate":1002823.799876613,"standard_error":302942.0529412529}}