{"mean":{"confidence_interval":{"confidence_level":0.95,"lower_bound":12844004.408333331,"upper_bound":13908474.833333334},"point_estimate":13379107.013333336,"standard_error":290018.14402882545},"median":{"confidence_interval":{"confidence_level":0.95,"lower_bound":12896539.666666666,"upper_bound":13691427.333333334},"point_estimate":13408086.666666666,"standard_error":239328.40085598658},"median_abs_dev":{"confidence_interval":{"confidence_level":0.95,"lower_bound":499839.2949710799,"upper_bound":1588647.8787958631},"point_estimate":834181.9099903107,"standard_error":252238.9474112236},"slope":null,"std_dev":{"confidence_interval":{"confidence_level":0.95,"lower_bound":707906.5744801372,"upper_bound":2045608.9966176467},"point_estimate":1468323.1189610525,"standard_error":352625.8303405351}}