{"mean":{"confidence_interval":{"confidence_level":0.95,"lower_bound":0.14397743545885117,"upper_bound":0.26206684201055763},"point_estimate":0.20297623076419335,"standard_error":0.03054355945802224},"median":{"confidence_interval":{"confidence_level":0.95,"lower_bound":0.13533651798767288,"upper_bound":0.20292261421193958},"point_estimate":0.17657306127431993,"standard_error":0.018017250000896944}}