{"mean":{"confidence_interval":{"confidence_level":0.95,"lower_bound":0.2599620847115534,"upper_bound":0.3563186006676253},"point_estimate":0.31082692687896896,"standard_error":0.024869707052814702},"median":{"confidence_interval":{"confidence_level":0.95,"lower_bound":0.2644563681095642,"upper_bound":0.3436835979770534},"point_estimate":0.3173344465093597,"standard_error":0.020918367587096712}}