{"mean":{"confidence_interval":{"confidence_level":0.95,"lower_bound":11500807.165,"upper_bound":12999496.254999999},"point_estimate":12092246.56,"standard_error":397206.2178754326},"median":{"confidence_interval":{"confidence_level":0.95,"lower_bound":11469662.75,"upper_bound":11523938.5},"point_estimate":11475462.75,"standard_error":18071.18406494522},"median_abs_dev":{"confidence_interval":{"confidence_level":0.95,"lower_bound":17012.834697961807,"upper_bound":100706.71516209841},"point_estimate":56710.19029319286,"standard_error":22624.00543527356},"slope":null,"std_dev":{"confidence_interval":{"confidence_level":0.95,"lower_bound":76268.75735872649,"upper_bound":3131076.6767737223},"point_estimate":2029534.291252074,"standard_error":835704.0989852175}}