{"mean":{"confidence_interval":{"confidence_level":0.95,"lower_bound":4835532.601600002,"upper_bound":4941895.763599998},"point_estimate":4884292.952,"standard_error":27173.62608606569},"median":{"confidence_interval":{"confidence_level":0.95,"lower_bound":4825667.4,"upper_bound":4881738.1},"point_estimate":4849267.699999999,"standard_error":15635.979765829157},"median_abs_dev":{"confidence_interval":{"confidence_level":0.95,"lower_bound":62163.04844288585,"upper_bound":132931.39623999596},"point_estimate":91966.71418726472,"standard_error":18786.536636200726},"slope":null,"std_dev":{"confidence_interval":{"confidence_level":0.95,"lower_bound":90951.99532156928,"upper_bound":277980.6868259858},"point_estimate":195959.22990642124,"standard_error":49438.05950075671}}