{"mean":{"confidence_interval":{"confidence_level":0.95,"lower_bound":-0.9889117234429191,"upper_bound":-0.988753027910942},"point_estimate":-0.9888336058322215,"standard_error":0.00003865863948295765},"median":{"confidence_interval":{"confidence_level":0.95,"lower_bound":-0.9889291078975951,"upper_bound":-0.9888342061032969},"point_estimate":-0.9888807028877237,"standard_error":0.00002464588841528858}}