{"mean":{"confidence_interval":{"confidence_level":0.95,"lower_bound":0.005736488879699358,"upper_bound":0.03707344327463795},"point_estimate":0.018372604752285415,"standard_error":0.00828153691552611},"median":{"confidence_interval":{"confidence_level":0.95,"lower_bound":-0.009008313218463515,"upper_bound":0.011181923139671035},"point_estimate":-0.0014876004740591586,"standard_error":0.0047960504151456015}}