{"mean":{"confidence_interval":{"confidence_level":0.95,"lower_bound":-0.9824031346187764,"upper_bound":-0.9816383769815336},"point_estimate":-0.9820891898396706,"standard_error":0.00019239467459807068},"median":{"confidence_interval":{"confidence_level":0.95,"lower_bound":-0.9824617453276805,"upper_bound":-0.9822185744024775},"point_estimate":-0.982367870951255,"standard_error":0.00006364552888751297}}