{"mean":{"confidence_interval":{"confidence_level":0.95,"lower_bound":-0.003555699451532691,"upper_bound":0.015249005065715042},"point_estimate":0.006257181653322563,"standard_error":0.004885968442095552},"median":{"confidence_interval":{"confidence_level":0.95,"lower_bound":-0.00820892583282351,"upper_bound":0.002269821020536078},"point_estimate":-0.003981261309797479,"standard_error":0.002955002166450509}}