{"mean":{"confidence_interval":{"confidence_level":0.95,"lower_bound":10894745.840375,"upper_bound":11757472.88025},"point_estimate":11239721.66,"standard_error":226433.3052023149},"median":{"confidence_interval":{"confidence_level":0.95,"lower_bound":10755410.25,"upper_bound":11163279.0},"point_estimate":10987846.0,"standard_error":110623.99651497739},"median_abs_dev":{"confidence_interval":{"confidence_level":0.95,"lower_bound":657525.6753265858,"upper_bound":1113933.5322312266},"point_estimate":878961.9889453053,"standard_error":119746.07824192266},"slope":null,"std_dev":{"confidence_interval":{"confidence_level":0.95,"lower_bound":789965.9601538337,"upper_bound":3668268.751607073},"point_estimate":2253123.5919975247,"standard_error":966616.4865710853}}