{"mean":{"confidence_interval":{"confidence_level":0.95,"lower_bound":0.0038997141109945958,"upper_bound":0.022267061652848263},"point_estimate":0.013978939395776102,"standard_error":0.004807271276983719},"median":{"confidence_interval":{"confidence_level":0.95,"lower_bound":-0.009207544253561961,"upper_bound":0.006354135456087327},"point_estimate":-0.004609277365608122,"standard_error":0.0038878904201298135}}