{"mean":{"confidence_interval":{"confidence_level":0.95,"lower_bound":-0.990817415703752,"upper_bound":-0.9905873114962399},"point_estimate":-0.9907138006281453,"standard_error":0.000058158738581277356},"median":{"confidence_interval":{"confidence_level":0.95,"lower_bound":-0.9908241926635935,"upper_bound":-0.990703198078128},"point_estimate":-0.9907683425585553,"standard_error":0.000027722754624193025}}