{"mean":{"confidence_interval":{"confidence_level":0.95,"lower_bound":-0.9519207666896182,"upper_bound":-0.9508845340889744},"point_estimate":-0.9514253258951318,"standard_error":0.00026666238414696367},"median":{"confidence_interval":{"confidence_level":0.95,"lower_bound":-0.952329227355266,"upper_bound":-0.9505652968785648},"point_estimate":-0.9518477728683811,"standard_error":0.0005055652850608482}}