{"mean":{"confidence_interval":{"confidence_level":0.95,"lower_bound":-0.012970519312185616,"upper_bound":0.03264256573059508},"point_estimate":0.0032110363976565193,"standard_error":0.01031196016246816},"median":{"confidence_interval":{"confidence_level":0.95,"lower_bound":-0.02554819415445919,"upper_bound":-0.0167478016739947},"point_estimate":-0.020922137375555927,"standard_error":0.0022413320709281106}}