{"mean":{"confidence_interval":{"confidence_level":0.95,"lower_bound":-0.9537670720841368,"upper_bound":-0.9508827126496864},"point_estimate":-0.9522914085359484,"standard_error":0.0007611233678583794},"median":{"confidence_interval":{"confidence_level":0.95,"lower_bound":-0.9545116897982234,"upper_bound":-0.9532207772264762},"point_estimate":-0.953964746657271,"standard_error":0.00034894302637257166}}