{"mean":{"confidence_interval":{"confidence_level":0.95,"lower_bound":0.056403135422678996,"upper_bound":0.0993888123536236},"point_estimate":0.07410884672739515,"standard_error":0.011021992469874346},"median":{"confidence_interval":{"confidence_level":0.95,"lower_bound":0.05697443018502102,"upper_bound":0.07422239589479182},"point_estimate":0.06619895677162901,"standard_error":0.0049359323811604995}}