{"mean":{"confidence_interval":{"confidence_level":0.95,"lower_bound":3942162.7775961547,"upper_bound":4001363.0765192313},"point_estimate":3970999.309230771,"standard_error":15181.75855560207},"median":{"confidence_interval":{"confidence_level":0.95,"lower_bound":3954418.3076923075,"upper_bound":3995050.9615384615},"point_estimate":3973642.3076923075,"standard_error":10343.007925833526},"median_abs_dev":{"confidence_interval":{"confidence_level":0.95,"lower_bound":82590.08478373269,"upper_bound":130910.15629126485},"point_estimate":108029.41898978686,"standard_error":12388.921724214932},"slope":null,"std_dev":{"confidence_interval":{"confidence_level":0.95,"lower_bound":119735.19751348364,"upper_bound":187059.74102198114},"point_estimate":153743.849014073,"standard_error":17274.76827745378}}