{"mean":{"confidence_interval":{"confidence_level":0.95,"lower_bound":-0.9850285728441974,"upper_bound":-0.984836377959677},"point_estimate":-0.9849381582167402,"standard_error":0.000050304499582502006},"median":{"confidence_interval":{"confidence_level":0.95,"lower_bound":-0.9849997780738095,"upper_bound":-0.9848321787418355},"point_estimate":-0.9849377752462566,"standard_error":0.00004190413001002569}}