{"mean":{"confidence_interval":{"confidence_level":0.95,"lower_bound":0.00762360260328316,"upper_bound":0.0558799272443183},"point_estimate":0.02561698227334297,"standard_error":0.010365663391779986},"median":{"confidence_interval":{"confidence_level":0.95,"lower_bound":-0.009028516636593875,"upper_bound":0.006821810938542061},"point_estimate":-0.0035983780998629644,"standard_error":0.004002530939170258}}