{"mean":{"confidence_interval":{"confidence_level":0.95,"lower_bound":-0.9577418967416359,"upper_bound":-0.9562914436136986},"point_estimate":-0.9570459851598914,"standard_error":0.0004032865931404264},"median":{"confidence_interval":{"confidence_level":0.95,"lower_bound":-0.9574118751970357,"upper_bound":-0.9561447272351754},"point_estimate":-0.956671990084624,"standard_error":0.00032853716394167106}}