{"mean":{"confidence_interval":{"confidence_level":0.95,"lower_bound":0.009967433432403602,"upper_bound":0.055064560897090595},"point_estimate":0.030217284257536337,"standard_error":0.011243394117121552},"median":{"confidence_interval":{"confidence_level":0.95,"lower_bound":-0.009932868762256963,"upper_bound":0.02043561815018058},"point_estimate":0.001727476434574493,"standard_error":0.009147065273664268}}