{"mean":{"confidence_interval":{"confidence_level":0.95,"lower_bound":2986939.17407353,"upper_bound":3044040.2971029403},"point_estimate":3014390.7405882357,"standard_error":14570.118375609536},"median":{"confidence_interval":{"confidence_level":0.95,"lower_bound":2931893.4411764704,"upper_bound":3001546.529411765},"point_estimate":2952238.470588235,"standard_error":16856.058087544767},"median_abs_dev":{"confidence_interval":{"confidence_level":0.95,"lower_bound":67103.7393792586,"upper_bound":146007.79719019623},"point_estimate":104501.80044472183,"standard_error":20050.46470554471},"slope":null,"std_dev":{"confidence_interval":{"confidence_level":0.95,"lower_bound":114697.41209500097,"upper_bound":173997.87890120858},"point_estimate":144567.02286179946,"standard_error":15034.07459760803}}