{"mean":{"confidence_interval":{"confidence_level":0.95,"lower_bound":2533219.05475,"upper_bound":2626894.5110625},"point_estimate":2575524.7225,"standard_error":24154.633753738985},"median":{"confidence_interval":{"confidence_level":0.95,"lower_bound":2516429.5,"upper_bound":2543017.375},"point_estimate":2527879.625,"standard_error":7520.686988553313},"median_abs_dev":{"confidence_interval":{"confidence_level":0.95,"lower_bound":30199.078863859177,"upper_bound":74455.24405315518},"point_estimate":53837.56018169224,"standard_error":11594.796067017693},"slope":null,"std_dev":{"confidence_interval":{"confidence_level":0.95,"lower_bound":90436.03242823236,"upper_bound":236527.7737061078},"point_estimate":173738.4600301026,"standard_error":37209.96008079032}}