{"mean":{"confidence_interval":{"confidence_level":0.95,"lower_bound":712395.1345,"upper_bound":860525.662375},"point_estimate":778781.765,"standard_error":39712.29812696671},"median":{"confidence_interval":{"confidence_level":0.95,"lower_bound":696458.25,"upper_bound":732783.75},"point_estimate":719121.125,"standard_error":9805.921477586719},"median_abs_dev":{"confidence_interval":{"confidence_level":0.95,"lower_bound":36181.559715773925,"upper_bound":83689.98863920567},"point_estimate":55765.21813496947,"standard_error":12574.985993132412},"slope":null,"std_dev":{"confidence_interval":{"confidence_level":0.95,"lower_bound":69129.1318260421,"upper_bound":449966.9691160446},"point_estimate":289470.8637996126,"standard_error":104180.55744990408}}