{"mean":{"confidence_interval":{"confidence_level":0.95,"lower_bound":610784.410166667,"upper_bound":692772.6376666668},"point_estimate":643382.52,"standard_error":21736.096220973857},"median":{"confidence_interval":{"confidence_level":0.95,"lower_bound":592919.25,"upper_bound":611639.0},"point_estimate":600105.0,"standard_error":4939.3797361716715},"median_abs_dev":{"confidence_interval":{"confidence_level":0.95,"lower_bound":24365.783089920795,"upper_bound":45148.140575960366},"point_estimate":31309.54624414444,"standard_error":5331.133368132032},"slope":null,"std_dev":{"confidence_interval":{"confidence_level":0.95,"lower_bound":48200.61089962759,"upper_bound":358958.3298482756},"point_estimate":218950.96895550648,"standard_error":94704.26299653879}}