{"mean":{"confidence_interval":{"confidence_level":0.95,"lower_bound":548295.809416667,"upper_bound":568797.3014583329},"point_estimate":558170.4700000002,"standard_error":5267.583195079363},"median":{"confidence_interval":{"confidence_level":0.95,"lower_bound":538992.1666666666,"upper_bound":558193.1666666666},"point_estimate":546700.8333333333,"standard_error":4524.90833479421},"median_abs_dev":{"confidence_interval":{"confidence_level":0.95,"lower_bound":27416.980013251305,"upper_bound":48299.46550626322},"point_estimate":35126.74697637548,"standard_error":5285.947593947909},"slope":null,"std_dev":{"confidence_interval":{"confidence_level":0.95,"lower_bound":40377.59720343441,"upper_bound":64977.5614966965},"point_estimate":53114.88690380848,"standard_error":6257.903510950633}}