{"mean":{"confidence_interval":{"confidence_level":0.95,"lower_bound":17225185.935,"upper_bound":17835922.200000003},"point_estimate":17497710.05,"standard_error":156288.4126250061},"median":{"confidence_interval":{"confidence_level":0.95,"lower_bound":17070269.0,"upper_bound":17628963.5},"point_estimate":17415006.25,"standard_error":121295.07475680942},"median_abs_dev":{"confidence_interval":{"confidence_level":0.95,"lower_bound":249715.7961666584,"upper_bound":714535.7585294538},"point_estimate":501543.9266458154,"standard_error":124968.39541590585},"slope":null,"std_dev":{"confidence_interval":{"confidence_level":0.95,"lower_bound":359763.51086701127,"upper_bound":1218022.0824034011},"point_estimate":829907.7393676151,"standard_error":234122.5474458041}}