{"mean":{"confidence_interval":{"confidence_level":0.95,"lower_bound":25031059.953833338,"upper_bound":25870550.068583336},"point_estimate":25400835.24333334,"standard_error":219272.29793055035},"median":{"confidence_interval":{"confidence_level":0.95,"lower_bound":24778217.0,"upper_bound":25302140.333333332},"point_estimate":25124615.833333336,"standard_error":156240.14627693433},"median_abs_dev":{"confidence_interval":{"confidence_level":0.95,"lower_bound":806691.788378356,"upper_bound":1412541.9419998694},"point_estimate":1119759.5756202992,"standard_error":152434.91147706722},"slope":null,"std_dev":{"confidence_interval":{"confidence_level":0.95,"lower_bound":1121057.6124279033,"upper_bound":3301020.5466338075},"point_estimate":2186928.2384296013,"standard_error":665497.3556332202}}