{"mean":{"confidence_interval":{"confidence_level":0.95,"lower_bound":0.38623003664923583,"upper_bound":0.4414969561331286},"point_estimate":0.41159922016523875,"standard_error":0.014305667483147788},"median":{"confidence_interval":{"confidence_level":0.95,"lower_bound":0.3675754240174518,"upper_bound":0.4153172347572738},"point_estimate":0.3869297440312629,"standard_error":0.012606156716717746}}