{"mean":{"confidence_interval":{"confidence_level":0.95,"lower_bound":0.5368818606042136,"upper_bound":0.7750785254610849},"point_estimate":0.6270983728321311,"standard_error":0.060254841595729566},"median":{"confidence_interval":{"confidence_level":0.95,"lower_bound":0.49949541470422965,"upper_bound":0.560186148385178},"point_estimate":0.5224112042543947,"standard_error":0.01597948767635275}}