{"mean":{"confidence_interval":{"confidence_level":0.95,"lower_bound":694253.6695833333,"upper_bound":753983.7411250001},"point_estimate":721136.6533333334,"standard_error":15412.234574893479},"median":{"confidence_interval":{"confidence_level":0.95,"lower_bound":659175.3333333334,"upper_bound":691185.6666666667},"point_estimate":676826.4166666667,"standard_error":8934.634597340382},"median_abs_dev":{"confidence_interval":{"confidence_level":0.95,"lower_bound":37561.66415564716,"upper_bound":72664.44860994816},"point_estimate":59097.794000804366,"standard_error":9645.108965740823},"slope":null,"std_dev":{"confidence_interval":{"confidence_level":0.95,"lower_bound":83010.48702860349,"upper_bound":217882.4218577212},"point_estimate":153824.9903652403,"standard_error":35118.6863069102}}