{"mean":{"confidence_interval":{"confidence_level":0.95,"lower_bound":725571.9594999999,"upper_bound":750202.9816071433},"point_estimate":736883.6257142856,"standard_error":6346.979234945596},"median":{"confidence_interval":{"confidence_level":0.95,"lower_bound":714074.7142857143,"upper_bound":730389.7142857143},"point_estimate":723375.1428571428,"standard_error":4542.788311440485},"median_abs_dev":{"confidence_interval":{"confidence_level":0.95,"lower_bound":23595.787733591,"upper_bound":39226.94780358243},"point_estimate":32660.936120152473,"standard_error":4002.878095515767},"slope":null,"std_dev":{"confidence_interval":{"confidence_level":0.95,"lower_bound":36689.38700843467,"upper_bound":89786.68247036617},"point_estimate":63989.41254139323,"standard_error":13948.614773374975}}