{"mean":{"confidence_interval":{"confidence_level":0.95,"lower_bound":507176.6696428571,"upper_bound":545046.2795714287},"point_estimate":521132.8200000001,"standard_error":10764.391793638284},"median":{"confidence_interval":{"confidence_level":0.95,"lower_bound":504642.9285714286,"upper_bound":516143.0714285714},"point_estimate":508492.9285714286,"standard_error":2909.7021566860894},"median_abs_dev":{"confidence_interval":{"confidence_level":0.95,"lower_bound":5210.279907498992,"upper_bound":17992.727380565248},"point_estimate":11342.10159863742,"standard_error":3668.5666423746807},"slope":null,"std_dev":{"confidence_interval":{"confidence_level":0.95,"lower_bound":8813.35163974178,"upper_bound":89886.17485055981},"point_estimate":54441.884117522815,"standard_error":27985.076793604843}}