{"mean":{"confidence_interval":{"confidence_level":0.95,"lower_bound":732941.1907276121,"upper_bound":743436.2313059703},"point_estimate":737950.6658208955,"standard_error":2671.859753704341},"median":{"confidence_interval":{"confidence_level":0.95,"lower_bound":725395.5149253731,"upper_bound":733850.3134328359},"point_estimate":728705.3582089553,"standard_error":2182.972495168341},"median_abs_dev":{"confidence_interval":{"confidence_level":0.95,"lower_bound":12967.804081715783,"upper_bound":23988.026389985607},"point_estimate":18330.85501038325,"standard_error":2845.6224234917527},"slope":null,"std_dev":{"confidence_interval":{"confidence_level":0.95,"lower_bound":21264.345655350357,"upper_bound":31350.58675534654},"point_estimate":26624.191015041568,"standard_error":2549.677213817641}}