{"mean":{"confidence_interval":{"confidence_level":0.95,"lower_bound":0.11632532909313416,"upper_bound":0.23502378155505155},"point_estimate":0.17820025091703662,"standard_error":0.03008565374342731},"median":{"confidence_interval":{"confidence_level":0.95,"lower_bound":0.13119522186822818,"upper_bound":0.2742236027688041},"point_estimate":0.20381999116841043,"standard_error":0.03371150965645061}}