{"mean":{"confidence_interval":{"confidence_level":0.95,"lower_bound":0.2312798374741252,"upper_bound":0.36911417949016845},"point_estimate":0.30339112459612716,"standard_error":0.03521057330895967},"median":{"confidence_interval":{"confidence_level":0.95,"lower_bound":0.22102129729522857,"upper_bound":0.3760123591254264},"point_estimate":0.301255269095025,"standard_error":0.03716533387465365}}