{"mean":{"confidence_interval":{"confidence_level":0.95,"lower_bound":-0.013937982405733051,"upper_bound":0.016715103313658317},"point_estimate":-0.0005142997581613074,"standard_error":0.008307878889245541},"median":{"confidence_interval":{"confidence_level":0.95,"lower_bound":-0.023673687872265203,"upper_bound":-0.014410931876820965},"point_estimate":-0.018678937073461133,"standard_error":0.002524584694998911}}