{"mean":{"confidence_interval":{"confidence_level":0.95,"lower_bound":-0.9528071407857909,"upper_bound":-0.9516248044172878},"point_estimate":-0.9521671923804723,"standard_error":0.00029544485053204726},"median":{"confidence_interval":{"confidence_level":0.95,"lower_bound":-0.9519582232458144,"upper_bound":-0.9514267822191219},"point_estimate":-0.951614162899794,"standard_error":0.0001458170930333954}}