{"mean":{"confidence_interval":{"confidence_level":0.95,"lower_bound":20670.796909402008,"upper_bound":22830.15950478417},"point_estimate":21738.28006292436,"standard_error":550.6671769653769},"median":{"confidence_interval":{"confidence_level":0.95,"lower_bound":18741.62378416198,"upper_bound":21713.247180451126},"point_estimate":19233.47180451128,"standard_error":714.0972498187443},"median_abs_dev":{"confidence_interval":{"confidence_level":0.95,"lower_bound":2418.89216841106,"upper_bound":6231.342865039564},"point_estimate":3963.0402024489913,"standard_error":952.0521952427296},"slope":{"confidence_interval":{"confidence_level":0.95,"lower_bound":21604.868471481936,"upper_bound":25193.713223413153},"point_estimate":23425.195225125026,"standard_error":914.9886806384209},"std_dev":{"confidence_interval":{"confidence_level":0.95,"lower_bound":4845.429716406838,"upper_bound":6243.363518333469},"point_estimate":5575.223661406143,"standard_error":358.8440423536356}}