{"mean":{"confidence_interval":{"confidence_level":0.95,"lower_bound":381708.91461538454,"upper_bound":383104.5123076923},"point_estimate":382313.65423076914,"standard_error":360.8843913608311},"median":{"confidence_interval":{"confidence_level":0.95,"lower_bound":381421.7596153846,"upper_bound":382359.26923076925},"point_estimate":381835.2211538461,"standard_error":235.92857567880347},"median_abs_dev":{"confidence_interval":{"confidence_level":0.95,"lower_bound":491.8382854988809,"upper_bound":1442.6980763100992},"point_estimate":841.1046254519437,"standard_error":242.62443073609327},"slope":null,"std_dev":{"confidence_interval":{"confidence_level":0.95,"lower_bound":721.4371722942411,"upper_bound":2682.319779457155},"point_estimate":1819.2040061932335,"standard_error":551.465636552546}}