{"mean":{"confidence_interval":{"confidence_level":0.95,"lower_bound":1271356.2166666668,"upper_bound":1361115.4244166664},"point_estimate":1313887.4566666665,"standard_error":23097.78406267679},"median":{"confidence_interval":{"confidence_level":0.95,"lower_bound":1209377.3333333333,"upper_bound":1287517.0},"point_estimate":1251079.8333333335,"standard_error":20407.44944963662},"median_abs_dev":{"confidence_interval":{"confidence_level":0.95,"lower_bound":93878.89132581641,"upper_bound":160947.22309261592},"point_estimate":120765.1808559898,"standard_error":17255.924301439874},"slope":null,"std_dev":{"confidence_interval":{"confidence_level":0.95,"lower_bound":161098.45686223547,"upper_bound":293278.2547673531},"point_estimate":230341.28711175997,"standard_error":33803.78394454172}}