{"mean":{"confidence_interval":{"confidence_level":0.95,"lower_bound":1258605.6250499997,"upper_bound":1321659.3137},"point_estimate":1288535.2239999997,"standard_error":16053.542357765164},"median":{"confidence_interval":{"confidence_level":0.95,"lower_bound":1234895.8,"upper_bound":1298118.6},"point_estimate":1258196.9,"standard_error":18225.797718953618},"median_abs_dev":{"confidence_interval":{"confidence_level":0.95,"lower_bound":96758.40687869492,"upper_bound":145227.56521819535},"point_estimate":124810.75140416632,"standard_error":12769.558998438648},"slope":null,"std_dev":{"confidence_interval":{"confidence_level":0.95,"lower_bound":111858.80441504547,"upper_bound":212417.29589030662},"point_estimate":163576.58196032603,"standard_error":26202.03873199455}}