{"mean":{"confidence_interval":{"confidence_level":0.95,"lower_bound":875611.951,"upper_bound":912705.2957142855},"point_estimate":894193.822857143,"standard_error":9418.325403060751},"median":{"confidence_interval":{"confidence_level":0.95,"lower_bound":867283.7142857143,"upper_bound":931970.2857142857},"point_estimate":881141.0,"standard_error":20141.7814152703},"median_abs_dev":{"confidence_interval":{"confidence_level":0.95,"lower_bound":13639.919757843018,"upper_bound":75401.86295634868},"point_estimate":55174.74622045247,"standard_error":15962.457954076192},"slope":null,"std_dev":{"confidence_interval":{"confidence_level":0.95,"lower_bound":33561.76611280075,"upper_bound":59979.18725719841},"point_estimate":47595.02427475756,"standard_error":6732.263259840302}}