{"mean":{"confidence_interval":{"confidence_level":0.95,"lower_bound":-0.020164628396744058,"upper_bound":-0.0015341159766986126},"point_estimate":-0.009949150888171832,"standard_error":0.004744322311715281},"median":{"confidence_interval":{"confidence_level":0.95,"lower_bound":-0.023810172957703046,"upper_bound":-0.012068788817862885},"point_estimate":-0.01841385709910326,"standard_error":0.003138409789080332}}