{"mean":{"confidence_interval":{"confidence_level":0.95,"lower_bound":-0.9510642066306397,"upper_bound":-0.9488429841406982},"point_estimate":-0.9502029510298242,"standard_error":0.0005862334613010008},"median":{"confidence_interval":{"confidence_level":0.95,"lower_bound":-0.9517245895598643,"upper_bound":-0.950848003976468},"point_estimate":-0.951438704879376,"standard_error":0.00023071295586212998}}