{"mean":{"confidence_interval":{"confidence_level":0.95,"lower_bound":405213.562731203,"upper_bound":418129.1699417293},"point_estimate":411508.4360902256,"standard_error":3291.206422250597},"median":{"confidence_interval":{"confidence_level":0.95,"lower_bound":401728.46616541356,"upper_bound":408391.24436090223},"point_estimate":403987.7368421053,"standard_error":1515.1479837365043},"median_abs_dev":{"confidence_interval":{"confidence_level":0.95,"lower_bound":9893.841092770179,"upper_bound":25556.489830492163},"point_estimate":13154.59121382774,"standard_error":4129.305007811438},"slope":null,"std_dev":{"confidence_interval":{"confidence_level":0.95,"lower_bound":24246.314925719584,"upper_bound":40584.17777187911},"point_estimate":32943.3298129885,"standard_error":4135.054658597928}}