{"mean":{"confidence_interval":{"confidence_level":0.95,"lower_bound":11523293.485250002,"upper_bound":11698365.23925},"point_estimate":11600625.72,"standard_error":44720.504394872456},"median":{"confidence_interval":{"confidence_level":0.95,"lower_bound":11508697.5,"upper_bound":11553898.75},"point_estimate":11526322.75,"standard_error":11199.369598895157},"median_abs_dev":{"confidence_interval":{"confidence_level":0.95,"lower_bound":24908.791507780552,"upper_bound":70128.46135497093},"point_estimate":40884.17687416077,"standard_error":12072.798717057762},"slope":null,"std_dev":{"confidence_interval":{"confidence_level":0.95,"lower_bound":35282.73189228121,"upper_bound":323358.78275096085},"point_estimate":227076.13619298482,"standard_error":68091.9189758148}}