{"mean":{"confidence_interval":{"confidence_level":0.95,"lower_bound":11454321.0095,"upper_bound":11487779.3805},"point_estimate":11470689.72,"standard_error":8516.551203460202},"median":{"confidence_interval":{"confidence_level":0.95,"lower_bound":11437437.25,"upper_bound":11498163.0},"point_estimate":11459612.5,"standard_error":15750.031823239102},"median_abs_dev":{"confidence_interval":{"confidence_level":0.95,"lower_bound":23165.99523872137,"upper_bound":69905.70070892572},"point_estimate":53707.5546965003,"standard_error":11265.60664903579},"slope":null,"std_dev":{"confidence_interval":{"confidence_level":0.95,"lower_bound":32047.695981855584,"upper_bound":50843.2943554746},"point_estimate":43024.270270075474,"standard_error":4828.009158244499}}