{"mean":{"confidence_interval":{"confidence_level":0.95,"lower_bound":10772445.9505,"upper_bound":11013326.2445},"point_estimate":10872024.93,"standard_error":63005.22504719751},"median":{"confidence_interval":{"confidence_level":0.95,"lower_bound":10742202.5,"upper_bound":10788053.75},"point_estimate":10771353.25,"standard_error":16040.788992009351},"median_abs_dev":{"confidence_interval":{"confidence_level":0.95,"lower_bound":22424.695251882076,"upper_bound":90663.21229040623},"point_estimate":51187.87604123354,"standard_error":20400.27046195704},"slope":null,"std_dev":{"confidence_interval":{"confidence_level":0.95,"lower_bound":51254.652824880635,"upper_bound":486356.2220838287},"point_estimate":321039.5673511006,"standard_error":117646.88181673118}}