{"mean":{"confidence_interval":{"confidence_level":0.95,"lower_bound":771317.5309204545,"upper_bound":789556.4330303029},"point_estimate":779988.4803030305,"standard_error":4640.052300099356},"median":{"confidence_interval":{"confidence_level":0.95,"lower_bound":755537.0454545454,"upper_bound":768712.696969697},"point_estimate":761696.8181818181,"standard_error":3468.3398816999656},"median_abs_dev":{"confidence_interval":{"confidence_level":0.95,"lower_bound":16558.086467398778,"upper_bound":35409.97973043799},"point_estimate":25887.678140401753,"standard_error":5229.2731600000525},"slope":null,"std_dev":{"confidence_interval":{"confidence_level":0.95,"lower_bound":34075.77650981579,"upper_bound":61543.04039892836},"point_estimate":47467.90506936246,"standard_error":7309.925624627563}}