{"mean":{"confidence_interval":{"confidence_level":0.95,"lower_bound":11636778.634249998,"upper_bound":12076442.504849996},"point_estimate":11824249.101999998,"standard_error":113254.31110722739},"median":{"confidence_interval":{"confidence_level":0.95,"lower_bound":11471240.399999999,"upper_bound":11737152.2},"point_estimate":11568694.8,"standard_error":67717.10855792103},"median_abs_dev":{"confidence_interval":{"confidence_level":0.95,"lower_bound":346660.4843190459,"upper_bound":618609.475711985},"point_estimate":427572.04724907794,"standard_error":71301.72467177184},"slope":null,"std_dev":{"confidence_interval":{"confidence_level":0.95,"lower_bound":438574.29526804877,"upper_bound":1739487.9905258478},"point_estimate":1145805.58421133,"standard_error":355235.9242821179}}