{"mean":{"confidence_interval":{"confidence_level":0.95,"lower_bound":776353.62046,"upper_bound":787510.7740600001},"point_estimate":781738.6936000001,"standard_error":2845.3480406743206},"median":{"confidence_interval":{"confidence_level":0.95,"lower_bound":770684.94,"upper_bound":789879.2},"point_estimate":777385.04,"standard_error":4938.385470949645},"median_abs_dev":{"confidence_interval":{"confidence_level":0.95,"lower_bound":5888.976051449686,"upper_bound":20694.42695260041},"point_estimate":14505.995358467151,"standard_error":4104.318109184838},"slope":null,"std_dev":{"confidence_interval":{"confidence_level":0.95,"lower_bound":10294.030774912244,"upper_bound":18316.646074362587},"point_estimate":14643.362321490837,"standard_error":2111.891481691574}}