{"mean":{"confidence_interval":{"confidence_level":0.95,"lower_bound":835531.5202415256,"upper_bound":865107.6411525421},"point_estimate":849134.7084745769,"standard_error":7594.0517657784185},"median":{"confidence_interval":{"confidence_level":0.95,"lower_bound":819560.8474576271,"upper_bound":838494.0847457628},"point_estimate":828102.9322033898,"standard_error":5833.92695681545},"median_abs_dev":{"confidence_interval":{"confidence_level":0.95,"lower_bound":25735.068031373954,"upper_bound":47118.55028369036},"point_estimate":36042.62101604779,"standard_error":6101.445045553577},"slope":null,"std_dev":{"confidence_interval":{"confidence_level":0.95,"lower_bound":47429.15873511671,"upper_bound":104809.86097370181},"point_estimate":76616.95276336896,"standard_error":15049.902606524316}}