{"mean":{"confidence_interval":{"confidence_level":0.95,"lower_bound":0.3648257523066385,"upper_bound":0.4803436988262844},"point_estimate":0.42355474161204487,"standard_error":0.02909177652874097},"median":{"confidence_interval":{"confidence_level":0.95,"lower_bound":0.32380059610613254,"upper_bound":0.38759680979711875},"point_estimate":0.3529181790414324,"standard_error":0.01625607060343029}}