{"mean":{"confidence_interval":{"confidence_level":0.95,"lower_bound":0.18073157801050807,"upper_bound":0.24235357914061514},"point_estimate":0.20937545792826961,"standard_error":0.015773241893812236},"median":{"confidence_interval":{"confidence_level":0.95,"lower_bound":0.13662871417669842,"upper_bound":0.19970149906346668},"point_estimate":0.16201251461384114,"standard_error":0.017139156758961736}}