{"mean":{"confidence_interval":{"confidence_level":0.95,"lower_bound":741305.9014814814,"upper_bound":746636.3466666667},"point_estimate":743843.5674074073,"standard_error":1361.918925299596},"median":{"confidence_interval":{"confidence_level":0.95,"lower_bound":739091.9444444445,"upper_bound":743642.0185185185},"point_estimate":740667.8888888889,"standard_error":1326.9220593158618},"median_abs_dev":{"confidence_interval":{"confidence_level":0.95,"lower_bound":1199.8352120319619,"upper_bound":8209.348243143875},"point_estimate":3102.5051782528753,"standard_error":1748.5907992437653},"slope":null,"std_dev":{"confidence_interval":{"confidence_level":0.95,"lower_bound":4644.439963867157,"upper_bound":8305.959680999908},"point_estimate":6938.885543203062,"standard_error":944.7342554691926}}