{"mean":{"confidence_interval":{"confidence_level":0.95,"lower_bound":0.42695960381442144,"upper_bound":0.5745800387173768},"point_estimate":0.4772161031561586,"standard_error":0.036994305434255206},"median":{"confidence_interval":{"confidence_level":0.95,"lower_bound":0.42614546570853507,"upper_bound":0.4938337700898561},"point_estimate":0.4586655412783043,"standard_error":0.018495735259281186}}