{"mean":{"confidence_interval":{"confidence_level":0.95,"lower_bound":0.22366825127985096,"upper_bound":0.28507092540221857},"point_estimate":0.2555016791211038,"standard_error":0.015854296856651354},"median":{"confidence_interval":{"confidence_level":0.95,"lower_bound":0.22450506613167356,"upper_bound":0.28820786799762677},"point_estimate":0.2582168240869571,"standard_error":0.015225598289410072}}