{"mean":{"confidence_interval":{"confidence_level":0.95,"lower_bound":4902308.2815,"upper_bound":5284800.268},"point_estimate":5096134.97,"standard_error":97707.87867766622},"median":{"confidence_interval":{"confidence_level":0.95,"lower_bound":4657910.0,"upper_bound":4993225.5},"point_estimate":4823668.0,"standard_error":91174.26305189166},"median_abs_dev":{"confidence_interval":{"confidence_level":0.95,"lower_bound":549477.4772123247,"upper_bound":1125594.7184666987},"point_estimate":879592.4645841122,"standard_error":150031.51342805184},"slope":null,"std_dev":{"confidence_interval":{"confidence_level":0.95,"lower_bound":851485.6950572489,"upper_bound":1092954.1706846547},"point_estimate":979925.3916069475,"standard_error":61316.95041784129}}