{"mean":{"confidence_interval":{"confidence_level":0.95,"lower_bound":3867354.46,"upper_bound":4289684.062},"point_estimate":4055853.64,"standard_error":109646.13322829823},"median":{"confidence_interval":{"confidence_level":0.95,"lower_bound":3800254.0,"upper_bound":4100758.0},"point_estimate":3840755.0,"standard_error":68429.58035084838},"median_abs_dev":{"confidence_interval":{"confidence_level":0.95,"lower_bound":93700.31833648682,"upper_bound":440634.6425771713},"point_estimate":246264.30342793465,"standard_error":89102.2774714294},"slope":null,"std_dev":{"confidence_interval":{"confidence_level":0.95,"lower_bound":238310.31670803,"upper_bound":781997.753606121},"point_estimate":559902.8129449403,"standard_error":140987.6957533587}}