{"mean":{"confidence_interval":{"confidence_level":0.95,"lower_bound":0.12383745013770522,"upper_bound":0.28998817052262155},"point_estimate":0.21097924779241883,"standard_error":0.0430706843291763},"median":{"confidence_interval":{"confidence_level":0.95,"lower_bound":0.17692395698830388,"upper_bound":0.3293411502417567},"point_estimate":0.21140992983764972,"standard_error":0.04425679484835224}}