{"mean":{"confidence_interval":{"confidence_level":0.95,"lower_bound":0.022486982264100588,"upper_bound":0.18065753775574733},"point_estimate":0.10573931315756147,"standard_error":0.04087112790728607},"median":{"confidence_interval":{"confidence_level":0.95,"lower_bound":0.0718104532658169,"upper_bound":0.18703384767460762},"point_estimate":0.09426104807005653,"standard_error":0.036069637781031}}