{"mean":{"confidence_interval":{"confidence_level":0.95,"lower_bound":13481207.68975,"upper_bound":14178830.14475},"point_estimate":13793263.01,"standard_error":178640.62329132197},"median":{"confidence_interval":{"confidence_level":0.95,"lower_bound":13209790.0,"upper_bound":13568159.0},"point_estimate":13371185.0,"standard_error":90500.69940459607},"median_abs_dev":{"confidence_interval":{"confidence_level":0.95,"lower_bound":594689.1410196573,"upper_bound":1284257.0078998804},"point_estimate":904215.4849469662,"standard_error":164390.8400889122},"slope":null,"std_dev":{"confidence_interval":{"confidence_level":0.95,"lower_bound":1021170.19442014,"upper_bound":2570291.773755763},"point_estimate":1807697.4028307449,"standard_error":414920.9137353667}}