{"mean":{"confidence_interval":{"confidence_level":0.95,"lower_bound":13691320.190499999,"upper_bound":15424720.5015},"point_estimate":14465087.6,"standard_error":435784.49331554264},"median":{"confidence_interval":{"confidence_level":0.95,"lower_bound":13186507.4875,"upper_bound":14364669.0},"point_estimate":13701760.5,"standard_error":313386.0762970063},"median_abs_dev":{"confidence_interval":{"confidence_level":0.95,"lower_bound":1241012.8654526176,"upper_bound":2617375.321832299},"point_estimate":1745262.5741153955,"standard_error":368861.06225392123},"slope":null,"std_dev":{"confidence_interval":{"confidence_level":0.95,"lower_bound":1628646.3560982128,"upper_bound":4213460.886725863},"point_estimate":3020623.9636687716,"standard_error":699100.7454513889}}