{"mean":{"confidence_interval":{"confidence_level":0.95,"lower_bound":11297022.76825,"upper_bound":11877543.45975},"point_estimate":11582285.62,"standard_error":148708.66830926703},"median":{"confidence_interval":{"confidence_level":0.95,"lower_bound":10977354.0,"upper_bound":11976254.0},"point_estimate":11361413.0,"standard_error":204107.33100016392},"median_abs_dev":{"confidence_interval":{"confidence_level":0.95,"lower_bound":1235145.1424717903,"upper_bound":1856914.1758681831},"point_estimate":1567109.654778242,"standard_error":161049.10589922493},"slope":null,"std_dev":{"confidence_interval":{"confidence_level":0.95,"lower_bound":1239968.6477332595,"upper_bound":1753119.4624589696},"point_estimate":1500509.7719490537,"standard_error":131732.7084797495}}