{"mean":{"confidence_interval":{"confidence_level":0.95,"lower_bound":10611572.22725,"upper_bound":11247990.249},"point_estimate":10918027.89,"standard_error":162873.67591072185},"median":{"confidence_interval":{"confidence_level":0.95,"lower_bound":10102699.0,"upper_bound":10861048.0},"point_estimate":10613335.0,"standard_error":192668.57383116876},"median_abs_dev":{"confidence_interval":{"confidence_level":0.95,"lower_bound":1040115.0463342667,"upper_bound":1826412.7578046916},"point_estimate":1393966.4407521486,"standard_error":201012.37193031338},"slope":null,"std_dev":{"confidence_interval":{"confidence_level":0.95,"lower_bound":1307393.325243085,"upper_bound":1979776.7056087202},"point_estimate":1642469.627537302,"standard_error":172236.7021455672}}