{"mean":{"confidence_interval":{"confidence_level":0.95,"lower_bound":12532780.6965,"upper_bound":13118223.83375},"point_estimate":12779623.8,"standard_error":149841.69293513228},"median":{"confidence_interval":{"confidence_level":0.95,"lower_bound":12306258.0,"upper_bound":12696210.25},"point_estimate":12529699.0,"standard_error":97670.70426373},"median_abs_dev":{"confidence_interval":{"confidence_level":0.95,"lower_bound":515276.1382520199,"upper_bound":806591.6511051357},"point_estimate":620141.1756902933,"standard_error":75182.60202614438},"slope":null,"std_dev":{"confidence_interval":{"confidence_level":0.95,"lower_bound":672416.3363309104,"upper_bound":2335101.8125351425},"point_estimate":1508879.8703182577,"standard_error":495490.6056890935}}