{"mean":{"confidence_interval":{"confidence_level":0.95,"lower_bound":10173964.2535,"upper_bound":11119956.845},"point_estimate":10525590.38,"standard_error":261443.15178097252},"median":{"confidence_interval":{"confidence_level":0.95,"lower_bound":10057067.75,"upper_bound":10461298.5},"point_estimate":10275145.75,"standard_error":85367.26973654005},"median_abs_dev":{"confidence_interval":{"confidence_level":0.95,"lower_bound":180111.61922738046,"upper_bound":584152.5439292192},"point_estimate":373509.1874688864,"standard_error":107792.14442381487},"slope":null,"std_dev":{"confidence_interval":{"confidence_level":0.95,"lower_bound":264232.3301713036,"upper_bound":2173631.20520905},"point_estimate":1320564.236291892,"standard_error":653297.045382086}}