{"mean":{"confidence_interval":{"confidence_level":0.95,"lower_bound":0.052262141697252726,"upper_bound":0.0810574026927822},"point_estimate":0.06655137291327962,"standard_error":0.007631551329341321},"median":{"confidence_interval":{"confidence_level":0.95,"lower_bound":0.052182659752108895,"upper_bound":0.08791862983033072},"point_estimate":0.06247719580218969,"standard_error":0.008878908008549985}}