{"mean":{"confidence_interval":{"confidence_level":0.95,"lower_bound":-0.9574661716814709,"upper_bound":-0.9549754927803286},"point_estimate":-0.9562337136439127,"standard_error":0.0006181995140280008},"median":{"confidence_interval":{"confidence_level":0.95,"lower_bound":-0.9578870986962917,"upper_bound":-0.9563838729532039},"point_estimate":-0.9573229401332877,"standard_error":0.0004189459872611459}}