{"mean":{"confidence_interval":{"confidence_level":0.95,"lower_bound":4013555.061624999,"upper_bound":4155113.5283333324},"point_estimate":4074209.2425,"standard_error":36831.015730748964},"median":{"confidence_interval":{"confidence_level":0.95,"lower_bound":3981332.5,"upper_bound":4025767.6666666665},"point_estimate":4007966.875,"standard_error":11670.389757026005},"median_abs_dev":{"confidence_interval":{"confidence_level":0.95,"lower_bound":79544.82443779707,"upper_bound":170976.23663831525},"point_estimate":113170.37716582417,"standard_error":22405.15804008645},"slope":null,"std_dev":{"confidence_interval":{"confidence_level":0.95,"lower_bound":153414.85787975416,"upper_bound":579117.5587783584},"point_estimate":371981.09318213875,"standard_error":126680.86099849083}}