{"mean":{"confidence_interval":{"confidence_level":0.95,"lower_bound":368196.37211009173,"upper_bound":369950.3126605504},"point_estimate":369034.4829357799,"standard_error":450.88079556512014},"median":{"confidence_interval":{"confidence_level":0.95,"lower_bound":367689.61467889906,"upper_bound":368709.81651376147},"point_estimate":368082.29357798165,"standard_error":264.31191262412347},"median_abs_dev":{"confidence_interval":{"confidence_level":0.95,"lower_bound":457.02164326238517,"upper_bound":2023.9937970944034},"point_estimate":930.3654880698771,"standard_error":422.1067514306614},"slope":null,"std_dev":{"confidence_interval":{"confidence_level":0.95,"lower_bound":1417.3669169604932,"upper_bound":2710.8541017170255},"point_estimate":2271.621125339612,"standard_error":332.28570067713605}}