{"mean":{"confidence_interval":{"confidence_level":0.95,"lower_bound":0.15769309671178328,"upper_bound":0.43183773696153177},"point_estimate":0.29363545784063216,"standard_error":0.07018571573448576},"median":{"confidence_interval":{"confidence_level":0.95,"lower_bound":0.2770036917380818,"upper_bound":0.3635356907088112},"point_estimate":0.3293999576560369,"standard_error":0.0222006941096845}}