{"mean":{"confidence_interval":{"confidence_level":0.95,"lower_bound":0.04388212528963597,"upper_bound":0.26391246694232856},"point_estimate":0.15572962997541961,"standard_error":0.05653744609261426},"median":{"confidence_interval":{"confidence_level":0.95,"lower_bound":0.1804857992876947,"upper_bound":0.2493234752190885},"point_estimate":0.21951938419103523,"standard_error":0.01770683712089635}}