{"mean":{"confidence_interval":{"confidence_level":0.95,"lower_bound":158248159.70900002,"upper_bound":180215216.14000002},"point_estimate":168718134.56,"standard_error":5641864.118285816},"median":{"confidence_interval":{"confidence_level":0.95,"lower_bound":148479589.0,"upper_bound":185743466.0},"point_estimate":165544328.0,"standard_error":9350177.631713236},"median_abs_dev":{"confidence_interval":{"confidence_level":0.95,"lower_bound":18799962.188833952,"upper_bound":44100143.78106594},"point_estimate":32345570.797151327,"standard_error":5892557.7190715615},"slope":null,"std_dev":{"confidence_interval":{"confidence_level":0.95,"lower_bound":21750122.762403827,"upper_bound":32597296.080143962},"point_estimate":27883284.77592227,"standard_error":2892686.3061919603}}