{"mean":{"confidence_interval":{"confidence_level":0.95,"lower_bound":189800449.16325,"upper_bound":201099717.7685},"point_estimate":195491475.11,"standard_error":2894565.121845216},"median":{"confidence_interval":{"confidence_level":0.95,"lower_bound":189316403.0,"upper_bound":205630901.0},"point_estimate":197766056.5,"standard_error":3938970.364295531},"median_abs_dev":{"confidence_interval":{"confidence_level":0.95,"lower_bound":21831697.368249897,"upper_bound":33877964.6322459},"point_estimate":28097802.52326429,"standard_error":3150215.843406341},"slope":null,"std_dev":{"confidence_interval":{"confidence_level":0.95,"lower_bound":25016241.60657778,"upper_bound":32935477.482210916},"point_estimate":29127811.463624384,"standard_error":2026948.3352285917}}