{"mean":{"confidence_interval":{"confidence_level":0.95,"lower_bound":155686216.095,"upper_bound":165122321.00075},"point_estimate":160318831.86,"standard_error":2409610.5329322736},"median":{"confidence_interval":{"confidence_level":0.95,"lower_bound":154297954.5,"upper_bound":169015821.34999996},"point_estimate":161391374.5,"standard_error":3460356.910099557},"median_abs_dev":{"confidence_interval":{"confidence_level":0.95,"lower_bound":22006851.52528279,"upper_bound":33039094.50021632},"point_estimate":29661954.391095042,"standard_error":2900614.1778931483},"slope":null,"std_dev":{"confidence_interval":{"confidence_level":0.95,"lower_bound":21312264.09311624,"upper_bound":26994358.46797378},"point_estimate":24228856.945339836,"standard_error":1443656.0710783207}}