{"mean":{"confidence_interval":{"confidence_level":0.95,"lower_bound":177287117.8215,"upper_bound":198380836.7325},"point_estimate":188221391.12,"standard_error":5370368.677264472},"median":{"confidence_interval":{"confidence_level":0.95,"lower_bound":179772315.0,"upper_bound":197842941.64999998},"point_estimate":191554359.5,"standard_error":5057432.860182142},"median_abs_dev":{"confidence_interval":{"confidence_level":0.95,"lower_bound":22358869.24005322,"upper_bound":52145463.95768544},"point_estimate":34643723.07085097,"standard_error":7543403.525270042},"slope":null,"std_dev":{"confidence_interval":{"confidence_level":0.95,"lower_bound":31772576.705289353,"upper_bound":46496508.28472316},"point_estimate":40100726.21097291,"standard_error":3856534.862453438}}