{"mean":{"confidence_interval":{"confidence_level":0.95,"lower_bound":138664818.794,"upper_bound":157722546.95200002},"point_estimate":148249181.88,"standard_error":4821769.819624837},"median":{"confidence_interval":{"confidence_level":0.95,"lower_bound":136375237.0,"upper_bound":161195290.0},"point_estimate":145658867.0,"standard_error":7172388.408119092},"median_abs_dev":{"confidence_interval":{"confidence_level":0.95,"lower_bound":10305106.154447794,"upper_bound":41695455.57975769},"point_estimate":23034300.330859423,"standard_error":7770663.99476728},"slope":null,"std_dev":{"confidence_interval":{"confidence_level":0.95,"lower_bound":18553863.778323982,"upper_bound":28793241.591189027},"point_estimate":24434595.308413345,"standard_error":2619042.28320582}}