{"mean":{"confidence_interval":{"confidence_level":0.95,"lower_bound":19622568.496000003,"upper_bound":21764669.1965},"point_estimate":20638321.44,"standard_error":542775.7061232511},"median":{"confidence_interval":{"confidence_level":0.95,"lower_bound":19823530.0,"upper_bound":20761840.5},"point_estimate":20491272.0,"standard_error":241415.18453111066},"median_abs_dev":{"confidence_interval":{"confidence_level":0.95,"lower_bound":857753.0256718398,"upper_bound":2349755.277733504},"point_estimate":1423141.043034196,"standard_error":379862.99688814656},"slope":null,"std_dev":{"confidence_interval":{"confidence_level":0.95,"lower_bound":2359345.763902524,"upper_bound":5199241.714537247},"point_estimate":3950773.312239889,"standard_error":724573.0812585907}}