{"mean":{"confidence_interval":{"confidence_level":0.95,"lower_bound":0.23771310736925536,"upper_bound":0.31065562435348365},"point_estimate":0.27057970016783117,"standard_error":0.01812080758890267},"median":{"confidence_interval":{"confidence_level":0.95,"lower_bound":0.2213528936808451,"upper_bound":0.2810242229310644},"point_estimate":0.2550955214729931,"standard_error":0.014591159750054468}}