{"mean":{"confidence_interval":{"confidence_level":0.95,"lower_bound":0.12369567712294495,"upper_bound":0.1909249299600055},"point_estimate":0.15517011760967514,"standard_error":0.016720821561866217},"median":{"confidence_interval":{"confidence_level":0.95,"lower_bound":0.10891222258151156,"upper_bound":0.16532771300568339},"point_estimate":0.13176182270808923,"standard_error":0.014342693110279851}}