{"mean":{"confidence_interval":{"confidence_level":0.95,"lower_bound":0.05493543824237901,"upper_bound":0.08224429267250248},"point_estimate":0.07094127857190635,"standard_error":0.007200238096993052},"median":{"confidence_interval":{"confidence_level":0.95,"lower_bound":0.03626449558182676,"upper_bound":0.05158888991973831},"point_estimate":0.04243811273983655,"standard_error":0.00408344941329969}}