{"mean":{"confidence_interval":{"confidence_level":0.95,"lower_bound":-0.9241377765474335,"upper_bound":-0.9161355719829566},"point_estimate":-0.9202465273748662,"standard_error":0.002069308292718707},"median":{"confidence_interval":{"confidence_level":0.95,"lower_bound":-0.9311480824424525,"upper_bound":-0.9164519858442235},"point_estimate":-0.9249582414001918,"standard_error":0.004463269922351416}}