{"mean":{"confidence_interval":{"confidence_level":0.95,"lower_bound":4795931.3319999995,"upper_bound":5002949.171999999},"point_estimate":4895970.62,"standard_error":52673.78797874793},"median":{"confidence_interval":{"confidence_level":0.95,"lower_bound":4726126.0,"upper_bound":5120887.0},"point_estimate":4911631.0,"standard_error":99686.84298608762},"median_abs_dev":{"confidence_interval":{"confidence_level":0.95,"lower_bound":171244.74475979805,"upper_bound":423664.06197845936},"point_estimate":311873.0587631464,"standard_error":64425.19304834444},"slope":null,"std_dev":{"confidence_interval":{"confidence_level":0.95,"lower_bound":206806.1007957094,"upper_bound":313975.6070012502},"point_estimate":267464.33459927107,"standard_error":25447.293822850592}}