{"mean":{"confidence_interval":{"confidence_level":0.95,"lower_bound":-0.839024239042464,"upper_bound":-0.8328827349644895},"point_estimate":-0.8359469302401132,"standard_error":0.0016764327171713285},"median":{"confidence_interval":{"confidence_level":0.95,"lower_bound":-0.8418533483445528,"upper_bound":-0.8362424431984946},"point_estimate":-0.8386224658152066,"standard_error":0.0014011607823265072}}