{"mean":{"confidence_interval":{"confidence_level":0.95,"lower_bound":0.06602193318596063,"upper_bound":0.11074757608400092},"point_estimate":0.08621297042904463,"standard_error":0.01138776335405541},"median":{"confidence_interval":{"confidence_level":0.95,"lower_bound":0.044240452919031226,"upper_bound":0.08340725622960155},"point_estimate":0.06524166223135675,"standard_error":0.01015075990536763}}