{"mean":{"confidence_interval":{"confidence_level":0.95,"lower_bound":-0.005138100241823316,"upper_bound":0.12601282615631887},"point_estimate":0.07067064417317015,"standard_error":0.03535808839136661},"median":{"confidence_interval":{"confidence_level":0.95,"lower_bound":0.11664407517675301,"upper_bound":0.13440883268715043},"point_estimate":0.12411701267843744,"standard_error":0.00454432233562782}}