{"mean":{"confidence_interval":{"confidence_level":0.95,"lower_bound":-0.8724953142211251,"upper_bound":-0.8537532897045454},"point_estimate":-0.8618845556963655,"standard_error":0.004887166931392552},"median":{"confidence_interval":{"confidence_level":0.95,"lower_bound":-0.8637648450942074,"upper_bound":-0.8560901756048565},"point_estimate":-0.8603697287537795,"standard_error":0.002090046229148473}}