{"mean":{"confidence_interval":{"confidence_level":0.95,"lower_bound":379301.45790476183,"upper_bound":380733.0529714285},"point_estimate":379976.1725714286,"standard_error":366.90144313770026},"median":{"confidence_interval":{"confidence_level":0.95,"lower_bound":379191.09523809527,"upper_bound":379881.58095238096},"point_estimate":379735.86666666664,"standard_error":164.4019706987584},"median_abs_dev":{"confidence_interval":{"confidence_level":0.95,"lower_bound":216.03599616464368,"upper_bound":2031.8962039266207},"point_estimate":1249.6482178142903,"standard_error":482.4861989626805},"slope":null,"std_dev":{"confidence_interval":{"confidence_level":0.95,"lower_bound":1039.4929250664509,"upper_bound":2407.6166454519744},"point_estimate":1869.9720310282237,"standard_error":345.05065745419455}}