{"mean":{"confidence_interval":{"confidence_level":0.95,"lower_bound":0.3560752765794264,"upper_bound":0.46730931200777565},"point_estimate":0.40926754862249926,"standard_error":0.028653527375466004},"median":{"confidence_interval":{"confidence_level":0.95,"lower_bound":0.3585948904711169,"upper_bound":0.47842751377542503},"point_estimate":0.4278919433771853,"standard_error":0.02956319535293758}}