{"mean":{"confidence_interval":{"confidence_level":0.95,"lower_bound":0.4749489582774209,"upper_bound":0.6273315263564055},"point_estimate":0.5469814775055097,"standard_error":0.038575904115430694},"median":{"confidence_interval":{"confidence_level":0.95,"lower_bound":0.4275502952822601,"upper_bound":0.5658399324454095},"point_estimate":0.5110252864200364,"standard_error":0.03387074583245879}}