{"mean":{"confidence_interval":{"confidence_level":0.95,"lower_bound":2140237.3367500002,"upper_bound":2250334.021},"point_estimate":2193147.01,"standard_error":28507.38425485635},"median":{"confidence_interval":{"confidence_level":0.95,"lower_bound":2080594.0,"upper_bound":2187648.5},"point_estimate":2135946.5,"standard_error":25015.078785695678},"median_abs_dev":{"confidence_interval":{"confidence_level":0.95,"lower_bound":149898.27033877373,"upper_bound":262432.7974408865},"point_estimate":200382.28204250336,"standard_error":28718.30278456256},"slope":null,"std_dev":{"confidence_interval":{"confidence_level":0.95,"lower_bound":226729.82177619537,"upper_bound":343215.06447746133},"point_estimate":286493.6080689649,"standard_error":30030.804457354527}}