{"mean":{"confidence_interval":{"confidence_level":0.95,"lower_bound":0.35748246256555166,"upper_bound":0.501586858225613},"point_estimate":0.4194368781381692,"standard_error":0.037016502694971226},"median":{"confidence_interval":{"confidence_level":0.95,"lower_bound":0.36473779080312263,"upper_bound":0.4036234181251337},"point_estimate":0.38313860366039254,"standard_error":0.009749641286114647}}