{"mean":{"confidence_interval":{"confidence_level":0.95,"lower_bound":0.16317161013795148,"upper_bound":0.29460378546146293},"point_estimate":0.2270600129345659,"standard_error":0.03366023870021255},"median":{"confidence_interval":{"confidence_level":0.95,"lower_bound":0.19858558842547125,"upper_bound":0.2433971692847836},"point_estimate":0.2279787578510999,"standard_error":0.011384365009059936}}