{"mean":{"confidence_interval":{"confidence_level":0.95,"lower_bound":428604.9370711013,"upper_bound":446889.4311628441},"point_estimate":436219.81605504587,"standard_error":4762.754932485775},"median":{"confidence_interval":{"confidence_level":0.95,"lower_bound":426312.77981651376,"upper_bound":434363.59633027524},"point_estimate":429957.4311926606,"standard_error":2161.668197692665},"median_abs_dev":{"confidence_interval":{"confidence_level":0.95,"lower_bound":11967.424571021962,"upper_bound":25087.71327081961},"point_estimate":17815.80540297229,"standard_error":3343.0860346690783},"slope":null,"std_dev":{"confidence_interval":{"confidence_level":0.95,"lower_bound":21060.92384915907,"upper_bound":74846.28931884772},"point_estimate":47640.966004177906,"standard_error":17214.712668759395}}