{"mean":{"confidence_interval":{"confidence_level":0.95,"lower_bound":22075211.870250005,"upper_bound":22753467.9225},"point_estimate":22379541.383333348,"standard_error":174444.45555347772},"median":{"confidence_interval":{"confidence_level":0.95,"lower_bound":21800402.666666668,"upper_bound":22197196.666666668},"point_estimate":22044019.666666664,"standard_error":107358.47760282303},"median_abs_dev":{"confidence_interval":{"confidence_level":0.95,"lower_bound":587150.3610759974,"upper_bound":1074612.923821807},"point_estimate":886482.8479617834,"standard_error":126674.8092200922},"slope":null,"std_dev":{"confidence_interval":{"confidence_level":0.95,"lower_bound":979121.7016635211,"upper_bound":2456786.6849566246},"point_estimate":1755476.9517978127,"standard_error":386670.39967379207}}