{"mean":{"confidence_interval":{"confidence_level":0.95,"lower_bound":18024415.31975,"upper_bound":18354241.864749998},"point_estimate":18189044.13,"standard_error":83293.93531949318},"median":{"confidence_interval":{"confidence_level":0.95,"lower_bound":18038381.0,"upper_bound":18419536.25},"point_estimate":18221783.75,"standard_error":90359.89729889388},"median_abs_dev":{"confidence_interval":{"confidence_level":0.95,"lower_bound":199153.2066643238,"upper_bound":660544.6195229888},"point_estimate":330550.1119315624,"standard_error":117762.0627978088},"slope":null,"std_dev":{"confidence_interval":{"confidence_level":0.95,"lower_bound":304824.82162549155,"upper_bound":511009.3884850308},"point_estimate":421536.08718154696,"standard_error":53246.517582826666}}