{"mean":{"confidence_interval":{"confidence_level":0.95,"lower_bound":11494960.940049998,"upper_bound":11867016.031300003},"point_estimate":11657193.42399999,"standard_error":96657.90382583914},"median":{"confidence_interval":{"confidence_level":0.95,"lower_bound":11316960.100000001,"upper_bound":11535260.0},"point_estimate":11379132.8,"standard_error":62580.1166853513},"median_abs_dev":{"confidence_interval":{"confidence_level":0.95,"lower_bound":259674.27192986067,"upper_bound":515377.10331022815},"point_estimate":327031.6056740295,"standard_error":70346.97390711645},"slope":null,"std_dev":{"confidence_interval":{"confidence_level":0.95,"lower_bound":391307.0493213528,"upper_bound":1474811.3899064425},"point_estimate":973122.2577899996,"standard_error":293185.38767234137}}