{"mean":{"confidence_interval":{"confidence_level":0.95,"lower_bound":10791261.4045,"upper_bound":11054661.659750002},"point_estimate":10901664.75,"standard_error":69023.62421656956},"median":{"confidence_interval":{"confidence_level":0.95,"lower_bound":10764428.25,"upper_bound":10819854.5},"point_estimate":10777753.5,"standard_error":13129.748290117552},"median_abs_dev":{"confidence_interval":{"confidence_level":0.95,"lower_bound":15382.34537690878,"upper_bound":82805.4324299097},"point_estimate":40068.37623864412,"standard_error":18588.980297340007},"slope":null,"std_dev":{"confidence_interval":{"confidence_level":0.95,"lower_bound":64996.55517051595,"upper_bound":533321.1888492493},"point_estimate":350672.04811986105,"standard_error":127712.97024916617}}