{"mean":{"confidence_interval":{"confidence_level":0.95,"lower_bound":749423.4437786884,"upper_bound":783094.6016188527},"point_estimate":763936.2375409834,"standard_error":8710.539615770775},"median":{"confidence_interval":{"confidence_level":0.95,"lower_bound":730998.475409836,"upper_bound":755481.5573770492},"point_estimate":740839.9098360656,"standard_error":6986.840553297164},"median_abs_dev":{"confidence_interval":{"confidence_level":0.95,"lower_bound":24988.48763640662,"upper_bound":51453.389037339446},"point_estimate":39232.353911683276,"standard_error":7554.429541205005},"slope":null,"std_dev":{"confidence_interval":{"confidence_level":0.95,"lower_bound":35521.01334234729,"upper_bound":135946.57259135623},"point_estimate":88286.13411673854,"standard_error":27997.96450459565}}