{"mean":{"confidence_interval":{"confidence_level":0.95,"lower_bound":44564002.015999995,"upper_bound":51174116.158},"point_estimate":47799031.12,"standard_error":1695596.676920485},"median":{"confidence_interval":{"confidence_level":0.95,"lower_bound":40686778.0,"upper_bound":51374430.0},"point_estimate":50342215.0,"standard_error":3202240.658005271},"median_abs_dev":{"confidence_interval":{"confidence_level":0.95,"lower_bound":2003168.9938366413,"upper_bound":14971508.0286026},"point_estimate":12009378.54579091,"standard_error":4311058.008217144},"slope":null,"std_dev":{"confidence_interval":{"confidence_level":0.95,"lower_bound":5984451.513730399,"upper_bound":10548009.843399527},"point_estimate":8499092.644099042,"standard_error":1167333.8610360748}}