{"mean":{"confidence_interval":{"confidence_level":0.95,"lower_bound":51541918.363,"upper_bound":58527448.779999994},"point_estimate":55014382.92,"standard_error":1736854.006066603},"median":{"confidence_interval":{"confidence_level":0.95,"lower_bound":50307794.0,"upper_bound":57490718.0},"point_estimate":53114999.0,"standard_error":2264887.3606880135},"median_abs_dev":{"confidence_interval":{"confidence_level":0.95,"lower_bound":6821497.316561716,"upper_bound":18022523.06780375},"point_estimate":14148799.959808588,"standard_error":2972927.2780616824},"slope":null,"std_dev":{"confidence_interval":{"confidence_level":0.95,"lower_bound":9994670.599043358,"upper_bound":15352609.959587382},"point_estimate":12735106.505262075,"standard_error":1413879.5343625874}}