{"mean":{"confidence_interval":{"confidence_level":0.95,"lower_bound":0.07999344636254592,"upper_bound":0.11815648718014933},"point_estimate":0.09733304336994997,"standard_error":0.010276358034457407},"median":{"confidence_interval":{"confidence_level":0.95,"lower_bound":0.0579655507548793,"upper_bound":0.08285243200480119},"point_estimate":0.07111658443948254,"standard_error":0.007001529617213553}}