{"mean":{"confidence_interval":{"confidence_level":0.95,"lower_bound":-0.9726646059375755,"upper_bound":-0.9721082720562296},"point_estimate":-0.9723526687031382,"standard_error":0.0001316460214391935},"median":{"confidence_interval":{"confidence_level":0.95,"lower_bound":-0.9720404232484771,"upper_bound":-0.9717670834306417},"point_estimate":-0.9719102164657152,"standard_error":0.00006688947807211639}}