{"mean":{"confidence_interval":{"confidence_level":0.95,"lower_bound":-0.0019305563268655825,"upper_bound":0.02337795284635634},"point_estimate":0.009333221971800754,"standard_error":0.005919524616154404},"median":{"confidence_interval":{"confidence_level":0.95,"lower_bound":-0.013254869679759529,"upper_bound":0.005596804714443995},"point_estimate":-0.004393919311141525,"standard_error":0.005146826566133078}}