{"mean":{"confidence_interval":{"confidence_level":0.95,"lower_bound":-0.9505831888903122,"upper_bound":-0.9491989583064825},"point_estimate":-0.9498969293939193,"standard_error":0.0003497257692441088},"median":{"confidence_interval":{"confidence_level":0.95,"lower_bound":-0.9509733437864126,"upper_bound":-0.9495839007563781},"point_estimate":-0.9502420867728962,"standard_error":0.0004097847283672137}}