{"mean":{"confidence_interval":{"confidence_level":0.95,"lower_bound":13757542.43116667,"upper_bound":14543503.024749996},"point_estimate":14137479.42,"standard_error":200393.8508157302},"median":{"confidence_interval":{"confidence_level":0.95,"lower_bound":13772700.333333334,"upper_bound":14295356.5},"point_estimate":13981296.0,"standard_error":150208.0035262198},"median_abs_dev":{"confidence_interval":{"confidence_level":0.95,"lower_bound":872019.0721085678,"upper_bound":1447449.505102634},"point_estimate":1097591.7408138514,"standard_error":143899.23892604755},"slope":null,"std_dev":{"confidence_interval":{"confidence_level":0.95,"lower_bound":1538716.7718373304,"upper_bound":2451366.822095158},"point_estimate":1994702.602744708,"standard_error":236338.4857073804}}