{"mean":{"confidence_interval":{"confidence_level":0.95,"lower_bound":14500440.665083343,"upper_bound":15405127.98191667},"point_estimate":14950752.06000001,"standard_error":228159.19042959844},"median":{"confidence_interval":{"confidence_level":0.95,"lower_bound":15025561.666666666,"upper_bound":15248342.333333334},"point_estimate":15125534.5,"standard_error":62903.41078551897},"median_abs_dev":{"confidence_interval":{"confidence_level":0.95,"lower_bound":467317.5502784561,"upper_bound":872478.8016504062},"point_estimate":688810.7586711645,"standard_error":103563.70310323591},"slope":null,"std_dev":{"confidence_interval":{"confidence_level":0.95,"lower_bound":1709777.4925551536,"upper_bound":2848487.0635266406},"point_estimate":2297327.9034328135,"standard_error":295464.7402046165}}