{"mean":{"confidence_interval":{"confidence_level":0.95,"lower_bound":14279868.929,"upper_bound":15380896.52},"point_estimate":14820229.8,"standard_error":285458.3170711027},"median":{"confidence_interval":{"confidence_level":0.95,"lower_bound":13923318.0,"upper_bound":14670177.0},"point_estimate":14332098.0,"standard_error":216642.60865534423},"median_abs_dev":{"confidence_interval":{"confidence_level":0.95,"lower_bound":775577.6982307435,"upper_bound":1951558.7343291566},"point_estimate":1455671.1397066712,"standard_error":310492.31269426976},"slope":null,"std_dev":{"confidence_interval":{"confidence_level":0.95,"lower_bound":1253172.3970156088,"upper_bound":2766709.9612322072},"point_estimate":2044922.7649657293,"standard_error":388660.6376703695}}