{"mean":{"confidence_interval":{"confidence_level":0.95,"lower_bound":380982.6815238095,"upper_bound":384556.0499238094},"point_estimate":382387.2156190476,"standard_error":970.6981959943463},"median":{"confidence_interval":{"confidence_level":0.95,"lower_bound":380611.1142857143,"upper_bound":381737.8},"point_estimate":380936.82857142854,"standard_error":325.3857471094245},"median_abs_dev":{"confidence_interval":{"confidence_level":0.95,"lower_bound":409.47999273027284,"upper_bound":1722.6540894167567},"point_estimate":912.1661038057659,"standard_error":319.6707591935444},"slope":null,"std_dev":{"confidence_interval":{"confidence_level":0.95,"lower_bound":807.1008961433516,"upper_bound":7995.728881301523},"point_estimate":4956.506773869028,"standard_error":2289.6429978624406}}