{"mean":{"confidence_interval":{"confidence_level":0.95,"lower_bound":-0.9908187917858924,"upper_bound":-0.9905177801460459},"point_estimate":-0.9906763524988104,"standard_error":0.00007731754039982011},"median":{"confidence_interval":{"confidence_level":0.95,"lower_bound":-0.9908177024700925,"upper_bound":-0.9906673818647472},"point_estimate":-0.9907355678836919,"standard_error":0.00003896180282496745}}