{"mean":{"confidence_interval":{"confidence_level":0.95,"lower_bound":-0.007912373569552475,"upper_bound":0.02707451717171705},"point_estimate":0.00942583153142773,"standard_error":0.008848955381675048},"median":{"confidence_interval":{"confidence_level":0.95,"lower_bound":-0.014203770488465994,"upper_bound":0.0029727330460196377},"point_estimate":-0.009938796851713394,"standard_error":0.004883636138227817}}