{"mean":{"confidence_interval":{"confidence_level":0.95,"lower_bound":0.12944234750282838,"upper_bound":0.2560468117129699},"point_estimate":0.1800215312596838,"standard_error":0.032140384938561355},"median":{"confidence_interval":{"confidence_level":0.95,"lower_bound":0.09756728614351262,"upper_bound":0.1758691001279058},"point_estimate":0.12897868727699646,"standard_error":0.02008723678523866}}