{"mean":{"confidence_interval":{"confidence_level":0.95,"lower_bound":0.2897655641331049,"upper_bound":0.36517289842459083},"point_estimate":0.3256124738262671,"standard_error":0.018830581073217292},"median":{"confidence_interval":{"confidence_level":0.95,"lower_bound":0.25914797179374083,"upper_bound":0.3331576999728325},"point_estimate":0.2886333737432454,"standard_error":0.020018575976894087}}