{"mean":{"confidence_interval":{"confidence_level":0.95,"lower_bound":737646.0580925926,"upper_bound":743399.740962963},"point_estimate":740621.1748148148,"standard_error":1462.021266423368},"median":{"confidence_interval":{"confidence_level":0.95,"lower_bound":737123.425925926,"upper_bound":742982.7592592592},"point_estimate":739275.3148148148,"standard_error":1472.4423632649437},"median_abs_dev":{"confidence_interval":{"confidence_level":0.95,"lower_bound":2888.379304276547,"upper_bound":8599.189669556043},"point_estimate":5134.298619959153,"standard_error":1525.3778776031104},"slope":null,"std_dev":{"confidence_interval":{"confidence_level":0.95,"lower_bound":4488.263632545236,"upper_bound":10135.036357083995},"point_estimate":7571.954316348552,"standard_error":1511.80133800824}}