{"mean":{"confidence_interval":{"confidence_level":0.95,"lower_bound":197192186.21850002,"upper_bound":214465311.852},"point_estimate":205456185.58,"standard_error":4524198.031902457},"median":{"confidence_interval":{"confidence_level":0.95,"lower_bound":195103474.7375,"upper_bound":218568266.0},"point_estimate":203414387.0,"standard_error":5758169.977010838},"median_abs_dev":{"confidence_interval":{"confidence_level":0.95,"lower_bound":18874895.200728633,"upper_bound":39375887.538620755},"point_estimate":29545525.815162063,"standard_error":5224763.991206213},"slope":null,"std_dev":{"confidence_interval":{"confidence_level":0.95,"lower_bound":25424530.886913024,"upper_bound":41542474.33514204},"point_estimate":33874242.16518709,"standard_error":3992795.3197195157}}