{"mean":{"confidence_interval":{"confidence_level":0.95,"lower_bound":164225705.973,"upper_bound":185593996.471},"point_estimate":175026788.04,"standard_error":5574918.382524376},"median":{"confidence_interval":{"confidence_level":0.95,"lower_bound":157036229.0,"upper_bound":189471744.0},"point_estimate":177608649.0,"standard_error":7140678.09148527},"median_abs_dev":{"confidence_interval":{"confidence_level":0.95,"lower_bound":13522370.336329937,"upper_bound":42736288.05621919},"point_estimate":30500669.350504875,"standard_error":7913205.193370992},"slope":null,"std_dev":{"confidence_interval":{"confidence_level":0.95,"lower_bound":20718637.55218279,"upper_bound":33677473.004891574},"point_estimate":28225714.697574675,"standard_error":3392854.062057385}}