{"mean":{"confidence_interval":{"confidence_level":0.95,"lower_bound":155146011.5695,"upper_bound":166167501.58075},"point_estimate":160688089.42,"standard_error":2827696.966405742},"median":{"confidence_interval":{"confidence_level":0.95,"lower_bound":154815084.0,"upper_bound":169232233.0},"point_estimate":163147397.5,"standard_error":3324919.766747706},"median_abs_dev":{"confidence_interval":{"confidence_level":0.95,"lower_bound":20147503.25384282,"upper_bound":32849063.972112536},"point_estimate":27546411.732253432,"standard_error":3201059.18922185},"slope":null,"std_dev":{"confidence_interval":{"confidence_level":0.95,"lower_bound":23792269.780393403,"upper_bound":32530079.997132782},"point_estimate":28306207.046992015,"standard_error":2213676.149111057}}