{"mean":{"confidence_interval":{"confidence_level":0.95,"lower_bound":147757061.011,"upper_bound":163595883.924},"point_estimate":155803850.08,"standard_error":4071633.5487147584},"median":{"confidence_interval":{"confidence_level":0.95,"lower_bound":147538693.0,"upper_bound":169141800.0},"point_estimate":157766038.0,"standard_error":5208779.873804371},"median_abs_dev":{"confidence_interval":{"confidence_level":0.95,"lower_bound":11772604.364794493,"upper_bound":32017935.476768017},"point_estimate":26493689.39704299,"standard_error":6237764.360955224},"slope":null,"std_dev":{"confidence_interval":{"confidence_level":0.95,"lower_bound":15242220.77032719,"upper_bound":24650242.118187524},"point_estimate":20793105.388203684,"standard_error":2371390.4968466274}}