{"mean":{"confidence_interval":{"confidence_level":0.95,"lower_bound":0.1257645080491119,"upper_bound":0.16090919676920418},"point_estimate":0.14473491234524638,"standard_error":0.009020429563554052},"median":{"confidence_interval":{"confidence_level":0.95,"lower_bound":0.13703646496019495,"upper_bound":0.15618953804749647},"point_estimate":0.14885421292788403,"standard_error":0.004716901485883063}}