{"mean":{"confidence_interval":{"confidence_level":0.95,"lower_bound":-0.8678890406978865,"upper_bound":-0.8634882607962762},"point_estimate":-0.8656218906502879,"standard_error":0.001116903972731913},"median":{"confidence_interval":{"confidence_level":0.95,"lower_bound":-0.8670648673300502,"upper_bound":-0.8645363933164165},"point_estimate":-0.8659686123217218,"standard_error":0.0007500976562696024}}