{"mean":{"confidence_interval":{"confidence_level":0.95,"lower_bound":18548346.919999998,"upper_bound":18845941.11575},"point_estimate":18680830.53,"standard_error":75825.79420134764},"median":{"confidence_interval":{"confidence_level":0.95,"lower_bound":18569918.5,"upper_bound":18743170.25},"point_estimate":18650144.0,"standard_error":36121.44185770012},"median_abs_dev":{"confidence_interval":{"confidence_level":0.95,"lower_bound":158454.35478687286,"upper_bound":348752.55704965437},"point_estimate":216573.0150550604,"standard_error":52392.62247405931},"slope":null,"std_dev":{"confidence_interval":{"confidence_level":0.95,"lower_bound":271863.7197479586,"upper_bound":819039.7583215217},"point_estimate":542366.9552932738,"standard_error":161039.6521081388}}