{"mean":{"confidence_interval":{"confidence_level":0.95,"lower_bound":11446063.560399994,"upper_bound":11598098.570150001},"point_estimate":11518478.972000001,"standard_error":38364.886666995124},"median":{"confidence_interval":{"confidence_level":0.95,"lower_bound":11313671.1,"upper_bound":11487898.4},"point_estimate":11385614.1,"standard_error":45833.18516321404},"median_abs_dev":{"confidence_interval":{"confidence_level":0.95,"lower_bound":215475.29803454957,"upper_bound":408295.2823913089},"point_estimate":310991.80133879266,"standard_error":51248.29192398779},"slope":null,"std_dev":{"confidence_interval":{"confidence_level":0.95,"lower_bound":315144.992375543,"upper_bound":455861.699482295},"point_estimate":385741.24446529424,"standard_error":35684.610483223434}}