{"mean":{"confidence_interval":{"confidence_level":0.95,"lower_bound":4189740.228625,"upper_bound":4413166.749875},"point_estimate":4290626.18,"standard_error":56983.99092682374},"median":{"confidence_interval":{"confidence_level":0.95,"lower_bound":4157237.5,"upper_bound":4297344.0},"point_estimate":4205890.0,"standard_error":34075.96387972785},"median_abs_dev":{"confidence_interval":{"confidence_level":0.95,"lower_bound":311538.9270603285,"upper_bound":514597.1074640751},"point_estimate":417037.2107461095,"standard_error":55939.98291257053},"slope":null,"std_dev":{"confidence_interval":{"confidence_level":0.95,"lower_bound":350947.8482328874,"upper_bound":826656.7896930593},"point_estimate":571498.6363785331,"standard_error":145242.4492491317}}