{"mean":{"confidence_interval":{"confidence_level":0.95,"lower_bound":3343100.7358999993,"upper_bound":3490541.7221500003},"point_estimate":3412637.437999999,"standard_error":37773.28663760622},"median":{"confidence_interval":{"confidence_level":0.95,"lower_bound":3282508.4,"upper_bound":3379392.8},"point_estimate":3356661.7,"standard_error":30676.268279251715},"median_abs_dev":{"confidence_interval":{"confidence_level":0.95,"lower_bound":163241.52184188386,"upper_bound":274442.4465611725},"point_estimate":236040.44226944496,"standard_error":30046.714183752498},"slope":null,"std_dev":{"confidence_interval":{"confidence_level":0.95,"lower_bound":239769.8692359494,"upper_bound":515751.97595810797},"point_estimate":385639.9953324518,"standard_error":72349.9134599451}}