{"mean":{"confidence_interval":{"confidence_level":0.95,"lower_bound":779057.51275,"upper_bound":807969.61},"point_estimate":792593.76,"standard_error":7380.0142233081115},"median":{"confidence_interval":{"confidence_level":0.95,"lower_bound":777336.125,"upper_bound":802586.375},"point_estimate":781498.5,"standard_error":6369.846709162366},"median_abs_dev":{"confidence_interval":{"confidence_level":0.95,"lower_bound":9247.902660816908,"upper_bound":47276.96263566613},"point_estimate":25352.64487490058,"standard_error":9466.34171170922},"slope":null,"std_dev":{"confidence_interval":{"confidence_level":0.95,"lower_bound":21273.429361016977,"upper_bound":50231.859252519585},"point_estimate":38004.34102978196,"standard_error":7488.377894565449}}