{"mean":{"confidence_interval":{"confidence_level":0.95,"lower_bound":1530889.031,"upper_bound":1768468.81525},"point_estimate":1641002.1,"standard_error":60067.89544729606},"median":{"confidence_interval":{"confidence_level":0.95,"lower_bound":1400595.5,"upper_bound":1632424.0},"point_estimate":1525922.25,"standard_error":65587.47367082088},"median_abs_dev":{"confidence_interval":{"confidence_level":0.95,"lower_bound":149572.1076108143,"upper_bound":355520.6259294971},"point_estimate":237812.74227797985,"standard_error":53568.73431141405},"slope":null,"std_dev":{"confidence_interval":{"confidence_level":0.95,"lower_bound":298099.7163351058,"upper_bound":539357.6669843245},"point_estimate":428765.8644110479,"standard_error":60264.25881181598}}