{"mean":{"confidence_interval":{"confidence_level":0.95,"lower_bound":735061.0754038467,"upper_bound":749776.5173230772},"point_estimate":742083.75,"standard_error":3744.2706735286747},"median":{"confidence_interval":{"confidence_level":0.95,"lower_bound":725187.8153846153,"upper_bound":734728.2307692308},"point_estimate":728095.6384615385,"standard_error":2024.8091251997228},"median_abs_dev":{"confidence_interval":{"confidence_level":0.95,"lower_bound":13718.030252340857,"upper_bound":24613.394867640287},"point_estimate":17893.49908232689,"standard_error":2602.931150981053},"slope":null,"std_dev":{"confidence_interval":{"confidence_level":0.95,"lower_bound":28602.90722839035,"upper_bound":45600.57652069642},"point_estimate":37758.91074551426,"standard_error":4376.965573458861}}