{"mean":{"confidence_interval":{"confidence_level":0.95,"lower_bound":-0.9750376070658148,"upper_bound":-0.9714333448733243},"point_estimate":-0.9732720549857173,"standard_error":0.000927846308831649},"median":{"confidence_interval":{"confidence_level":0.95,"lower_bound":-0.9721512566356358,"upper_bound":-0.9718572437008348},"point_estimate":-0.9719923855292765,"standard_error":0.00007879177013899422}}