{"mean":{"confidence_interval":{"confidence_level":0.95,"lower_bound":-0.07954833739347651,"upper_bound":0.035726158576949885},"point_estimate":-0.017920390282177734,"standard_error":0.029507399229908745},"median":{"confidence_interval":{"confidence_level":0.95,"lower_bound":0.016502409095770387,"upper_bound":0.046605305361502536},"point_estimate":0.024641092944562182,"standard_error":0.008400762261891978}}