{"mean":{"confidence_interval":{"confidence_level":0.95,"lower_bound":0.029574465036343645,"upper_bound":0.06163860565330315},"point_estimate":0.04514920935149758,"standard_error":0.008301170236290286},"median":{"confidence_interval":{"confidence_level":0.95,"lower_bound":0.014461350347459219,"upper_bound":0.042426731351915326},"point_estimate":0.030083951945297116,"standard_error":0.007566038627607298}}