{"mean":{"confidence_interval":{"confidence_level":0.95,"lower_bound":-0.9399812432608545,"upper_bound":-0.9328762449041773},"point_estimate":-0.9366301226373936,"standard_error":0.001940587020212959},"median":{"confidence_interval":{"confidence_level":0.95,"lower_bound":-0.9410952326552529,"upper_bound":-0.9384126237397993},"point_estimate":-0.9395373437283652,"standard_error":0.000743906310524661}}