{"mean":{"confidence_interval":{"confidence_level":0.95,"lower_bound":2896505.1774166664,"upper_bound":2946339.3921388895},"point_estimate":2919470.6650000005,"standard_error":12647.289027382383},"median":{"confidence_interval":{"confidence_level":0.95,"lower_bound":2867171.888888889,"upper_bound":2895053.722222222},"point_estimate":2877716.833333333,"standard_error":8850.94181052467},"median_abs_dev":{"confidence_interval":{"confidence_level":0.95,"lower_bound":49735.216350356466,"upper_bound":94025.8313973744},"point_estimate":68087.37420787371,"standard_error":12002.900085643918},"slope":null,"std_dev":{"confidence_interval":{"confidence_level":0.95,"lower_bound":86532.00650599397,"upper_bound":172088.01666170836},"point_estimate":126855.34193719151,"standard_error":24200.985583730308}}