{"mean":{"confidence_interval":{"confidence_level":0.95,"lower_bound":2889188.7214285713,"upper_bound":2917624.7042142856},"point_estimate":2901316.6,"standard_error":7329.304083440721},"median":{"confidence_interval":{"confidence_level":0.95,"lower_bound":2885619.5714285714,"upper_bound":2894776.785714286},"point_estimate":2889219.5714285714,"standard_error":1939.6092864516163},"median_abs_dev":{"confidence_interval":{"confidence_level":0.95,"lower_bound":3568.935836638427,"upper_bound":14243.655647124957},"point_estimate":7042.4557749713185,"standard_error":2775.6447823554377},"slope":null,"std_dev":{"confidence_interval":{"confidence_level":0.95,"lower_bound":13393.179790848551,"upper_bound":56651.56207395382},"point_estimate":37714.38639623438,"standard_error":12432.75071161923}}