{"mean":{"confidence_interval":{"confidence_level":0.95,"lower_bound":9689005.271,"upper_bound":10133352.3835},"point_estimate":9897134.3,"standard_error":114154.95581945634},"median":{"confidence_interval":{"confidence_level":0.95,"lower_bound":9596486.5,"upper_bound":9959241.0},"point_estimate":9685487.0,"standard_error":81840.08264495376},"median_abs_dev":{"confidence_interval":{"confidence_level":0.95,"lower_bound":151449.06991124153,"upper_bound":660136.5338802338},"point_estimate":347525.88163018227,"standard_error":124546.18928919401},"slope":null,"std_dev":{"confidence_interval":{"confidence_level":0.95,"lower_bound":350184.2649331581,"upper_bound":733340.8481985031},"point_estimate":585097.8776391462,"standard_error":98750.34670887038}}