{"mean":{"confidence_interval":{"confidence_level":0.95,"lower_bound":-0.9729164532638468,"upper_bound":-0.9721825949706002},"point_estimate":-0.9725304863557729,"standard_error":0.0001869057750800235},"median":{"confidence_interval":{"confidence_level":0.95,"lower_bound":-0.9723751427972029,"upper_bound":-0.972014766907365},"point_estimate":-0.9721187342565832,"standard_error":0.0000842264205212602}}