{"mean":{"confidence_interval":{"confidence_level":0.95,"lower_bound":0.03255794769327851,"upper_bound":0.06812831859790308},"point_estimate":0.048402451449262696,"standard_error":0.009000987003911718},"median":{"confidence_interval":{"confidence_level":0.95,"lower_bound":0.020634954224610924,"upper_bound":0.05407763423703238},"point_estimate":0.03275987126079505,"standard_error":0.008592266624975484}}