{"mean":{"confidence_interval":{"confidence_level":0.95,"lower_bound":533553.451,"upper_bound":584238.1554999999},"point_estimate":553012.2416666668,"standard_error":13877.52956584934},"median":{"confidence_interval":{"confidence_level":0.95,"lower_bound":518833.0,"upper_bound":538792.6666666666},"point_estimate":527742.0833333333,"standard_error":4269.1135519869695},"median_abs_dev":{"confidence_interval":{"confidence_level":0.95,"lower_bound":23290.65718650815,"upper_bound":42516.39589518307},"point_estimate":33200.231860578104,"standard_error":4965.714972550909},"slope":null,"std_dev":{"confidence_interval":{"confidence_level":0.95,"lower_bound":35815.89846019605,"upper_bound":231732.81639785852},"point_estimate":139207.0507018196,"standard_error":66922.3508123573}}