{"mean":{"confidence_interval":{"confidence_level":0.95,"lower_bound":546403.376083333,"upper_bound":585075.1934166665},"point_estimate":562164.8216666665,"standard_error":10170.35671376435},"median":{"confidence_interval":{"confidence_level":0.95,"lower_bound":533674.0,"upper_bound":547291.1666666666},"point_estimate":539482.4166666666,"standard_error":3252.0035817878206},"median_abs_dev":{"confidence_interval":{"confidence_level":0.95,"lower_bound":20212.9093686491,"upper_bound":40921.371601000355},"point_estimate":30036.363516747908,"standard_error":5206.254186658699},"slope":null,"std_dev":{"confidence_interval":{"confidence_level":0.95,"lower_bound":36818.4297714267,"upper_bound":163987.39729624582},"point_estimate":101862.64663551135,"standard_error":40923.193752816755}}