{"mean":{"confidence_interval":{"confidence_level":0.95,"lower_bound":0.2217665997981491,"upper_bound":0.3011958113029301},"point_estimate":0.26115737414578777,"standard_error":0.020267520715592992},"median":{"confidence_interval":{"confidence_level":0.95,"lower_bound":0.17332321792373961,"upper_bound":0.27800583681649416},"point_estimate":0.22897540856910603,"standard_error":0.026950138237310396}}