{"mean":{"confidence_interval":{"confidence_level":0.95,"lower_bound":0.3339417016649977,"upper_bound":0.427469169515167},"point_estimate":0.38059053502325413,"standard_error":0.02429310761585592},"median":{"confidence_interval":{"confidence_level":0.95,"lower_bound":0.29716190413711674,"upper_bound":0.41012019109890635},"point_estimate":0.34942990622472414,"standard_error":0.02952869981277762}}