{"mean":{"confidence_interval":{"confidence_level":0.95,"lower_bound":0.3024670831643532,"upper_bound":0.4521168756301059},"point_estimate":0.3837866771341196,"standard_error":0.03844317656285196},"median":{"confidence_interval":{"confidence_level":0.95,"lower_bound":0.2891754283921326,"upper_bound":0.35991736868442525},"point_estimate":0.33104391160002566,"standard_error":0.019332792907640867}}