{"mean":{"confidence_interval":{"confidence_level":0.95,"lower_bound":0.34797318311522796,"upper_bound":0.46673615229479815},"point_estimate":0.41400348900360084,"standard_error":0.031123248649617664},"median":{"confidence_interval":{"confidence_level":0.95,"lower_bound":0.3954920860121426,"upper_bound":0.44270336719842884},"point_estimate":0.42258643574338217,"standard_error":0.01222384500235039}}