{"mean":{"confidence_interval":{"confidence_level":0.95,"lower_bound":2537817.679333334,"upper_bound":2634268.667333334},"point_estimate":2586334.0666666673,"standard_error":24606.95199818723},"median":{"confidence_interval":{"confidence_level":0.95,"lower_bound":2530936.0,"upper_bound":2627737.3333333335},"point_estimate":2570603.3333333335,"standard_error":23171.512610497706},"median_abs_dev":{"confidence_interval":{"confidence_level":0.95,"lower_bound":42798.213440179825,"upper_bound":154983.5882484913},"point_estimate":83521.28111720108,"standard_error":28050.925033338248},"slope":null,"std_dev":{"confidence_interval":{"confidence_level":0.95,"lower_bound":82127.12406252138,"upper_bound":159018.6781781639},"point_estimate":124986.54610889721,"standard_error":19563.262614520896}}