{"mean":{"confidence_interval":{"confidence_level":0.95,"lower_bound":4792220.166,"upper_bound":5914611.851},"point_estimate":5273664.24,"standard_error":296470.11311344255},"median":{"confidence_interval":{"confidence_level":0.95,"lower_bound":4512753.0,"upper_bound":5096531.7625},"point_estimate":5000359.0,"standard_error":172586.58388892753},"median_abs_dev":{"confidence_interval":{"confidence_level":0.95,"lower_bound":585180.3192959727,"upper_bound":1098112.0963396132},"point_estimate":917815.3745055199,"standard_error":136316.11791366048},"slope":null,"std_dev":{"confidence_interval":{"confidence_level":0.95,"lower_bound":663627.7904127201,"upper_bound":3434399.978209097},"point_estimate":2165213.20862967,"standard_error":847119.5701793698}}