{"mean":{"confidence_interval":{"confidence_level":0.95,"lower_bound":0.2751352853068335,"upper_bound":0.385754004321361},"point_estimate":0.32146863937346737,"standard_error":0.027940947066449454},"median":{"confidence_interval":{"confidence_level":0.95,"lower_bound":0.23027526121072395,"upper_bound":0.3368933203395559},"point_estimate":0.28507647226704447,"standard_error":0.02752976464982903}}