{"mean":{"confidence_interval":{"confidence_level":0.95,"lower_bound":0.33181002950584315,"upper_bound":0.4503508539044506},"point_estimate":0.3848988295070963,"standard_error":0.03043049065812553},"median":{"confidence_interval":{"confidence_level":0.95,"lower_bound":0.285376726205806,"upper_bound":0.42809828133959993},"point_estimate":0.3591063712350846,"standard_error":0.036748484381762314}}