{"mean":{"confidence_interval":{"confidence_level":0.95,"lower_bound":2884666.530071428,"upper_bound":2916174.8173571434},"point_estimate":2896648.5228571426,"standard_error":8599.096442162028},"median":{"confidence_interval":{"confidence_level":0.95,"lower_bound":2881683.714285714,"upper_bound":2892048.214285714},"point_estimate":2887733.785714286,"standard_error":2749.014392815699},"median_abs_dev":{"confidence_interval":{"confidence_level":0.95,"lower_bound":4500.855820093441,"upper_bound":14741.59743828423},"point_estimate":8969.835740754173,"standard_error":2521.3220191947407},"slope":null,"std_dev":{"confidence_interval":{"confidence_level":0.95,"lower_bound":8290.98176896935,"upper_bound":71193.49260183137},"point_estimate":43759.30085230782,"standard_error":20694.666625342983}}