{"mean":{"confidence_interval":{"confidence_level":0.95,"lower_bound":2876014.1747499993,"upper_bound":2920809.023970587},"point_estimate":2897817.6988235293,"standard_error":11596.24154123283},"median":{"confidence_interval":{"confidence_level":0.95,"lower_bound":2837546.529411765,"upper_bound":2879348.470588235},"point_estimate":2855735.6470588236,"standard_error":8667.642880504869},"median_abs_dev":{"confidence_interval":{"confidence_level":0.95,"lower_bound":49120.979057340184,"upper_bound":99530.73103488809},"point_estimate":73627.52811049693,"standard_error":12433.053814746747},"slope":null,"std_dev":{"confidence_interval":{"confidence_level":0.95,"lower_bound":91976.7091541447,"upper_bound":137923.27998206217},"point_estimate":116290.91725942442,"standard_error":11895.607882748347}}