{"mean":{"confidence_interval":{"confidence_level":0.95,"lower_bound":25120599.921,"upper_bound":26264518.78225},"point_estimate":25641205.34,"standard_error":291518.4917781856},"median":{"confidence_interval":{"confidence_level":0.95,"lower_bound":24793446.0,"upper_bound":25721263.0},"point_estimate":25392824.0,"standard_error":231807.3628097563},"median_abs_dev":{"confidence_interval":{"confidence_level":0.95,"lower_bound":1377621.517342329,"upper_bound":2077373.8638192415},"point_estimate":1760833.580338955,"standard_error":175326.8998908673},"slope":null,"std_dev":{"confidence_interval":{"confidence_level":0.95,"lower_bound":1633671.2926667451,"upper_bound":4331595.906492197},"point_estimate":2952119.108079722,"standard_error":790190.5660080706}}