{"mean":{"confidence_interval":{"confidence_level":0.95,"lower_bound":18873130.753,"upper_bound":20181085.457000002},"point_estimate":19481887.8,"standard_error":328880.0522928302},"median":{"confidence_interval":{"confidence_level":0.95,"lower_bound":18504362.0,"upper_bound":20202305.0},"point_estimate":19339683.0,"standard_error":356447.40390739887},"median_abs_dev":{"confidence_interval":{"confidence_level":0.95,"lower_bound":722488.7583732605,"upper_bound":2104017.964466214},"point_estimate":1430892.8169965744,"standard_error":335573.4775051158},"slope":null,"std_dev":{"confidence_interval":{"confidence_level":0.95,"lower_bound":1041689.654123747,"upper_bound":2238659.52434161},"point_estimate":1700672.9445343346,"standard_error":333394.9622925059}}