{"mean":{"confidence_interval":{"confidence_level":0.95,"lower_bound":42036874.831499994,"upper_bound":45920237.548},"point_estimate":43983986.8,"standard_error":988766.9821737844},"median":{"confidence_interval":{"confidence_level":0.95,"lower_bound":42266007.0,"upper_bound":44929427.0},"point_estimate":43805827.0,"standard_error":683478.6749084463},"median_abs_dev":{"confidence_interval":{"confidence_level":0.95,"lower_bound":5178881.828856468,"upper_bound":14487164.133433921},"point_estimate":11762218.010678887,"standard_error":2358984.3208593},"slope":null,"std_dev":{"confidence_interval":{"confidence_level":0.95,"lower_bound":8554331.055529278,"upper_bound":11104888.582676336},"point_estimate":9894290.540980618,"standard_error":653763.0027863858}}