{"mean":{"confidence_interval":{"confidence_level":0.95,"lower_bound":12752002.49375,"upper_bound":13646990.385},"point_estimate":13146132.38,"standard_error":230263.0414368314},"median":{"confidence_interval":{"confidence_level":0.95,"lower_bound":12685977.5,"upper_bound":12922933.75},"point_estimate":12843906.5,"standard_error":68585.71542783355},"median_abs_dev":{"confidence_interval":{"confidence_level":0.95,"lower_bound":135772.79908955097,"upper_bound":461063.3876144886},"point_estimate":277438.93307447433,"standard_error":78459.09790568026},"slope":null,"std_dev":{"confidence_interval":{"confidence_level":0.95,"lower_bound":229384.37675038935,"upper_bound":1679417.9581934668},"point_estimate":1182271.2421971012,"standard_error":351427.0495031576}}