{"mean":{"confidence_interval":{"confidence_level":0.95,"lower_bound":14507073.2015625,"upper_bound":14804474.4563125},"point_estimate":14654331.9875,"standard_error":75961.58970928437},"median":{"confidence_interval":{"confidence_level":0.95,"lower_bound":14482145.875,"upper_bound":14835924.625},"point_estimate":14636103.0,"standard_error":83714.06481300981},"median_abs_dev":{"confidence_interval":{"confidence_level":0.95,"lower_bound":579685.8408585191,"upper_bound":889619.1028811038},"point_estimate":708826.2289658189,"standard_error":76357.75230197987},"slope":null,"std_dev":{"confidence_interval":{"confidence_level":0.95,"lower_bound":641913.7370944272,"upper_bound":881014.9665718614},"point_estimate":763829.8303346712,"standard_error":60841.737740629345}}