{"mean":{"confidence_interval":{"confidence_level":0.95,"lower_bound":13348391.699000001,"upper_bound":13988064.821250001},"point_estimate":13620254.12,"standard_error":164484.83406524232},"median":{"confidence_interval":{"confidence_level":0.95,"lower_bound":13318639.0,"upper_bound":13592717.75},"point_estimate":13408940.0,"standard_error":80393.90027242852},"median_abs_dev":{"confidence_interval":{"confidence_level":0.95,"lower_bound":148002.39562243223,"upper_bound":627444.8338106275},"point_estimate":292965.46129882336,"standard_error":128277.1398853276},"slope":null,"std_dev":{"confidence_interval":{"confidence_level":0.95,"lower_bound":279325.8103339904,"upper_bound":1283299.1418177085},"point_estimate":842690.4804696579,"standard_error":291525.45404681575}}