{"mean":{"confidence_interval":{"confidence_level":0.95,"lower_bound":0.01518126309842459,"upper_bound":0.044542131305171526},"point_estimate":0.031082838605146934,"standard_error":0.007524492270341235},"median":{"confidence_interval":{"confidence_level":0.95,"lower_bound":0.009964777072936082,"upper_bound":0.03619517462369504},"point_estimate":0.01881690146563364,"standard_error":0.005986933198749946}}