{"mean":{"confidence_interval":{"confidence_level":0.95,"lower_bound":-0.9606318732894024,"upper_bound":-0.9578710762192961},"point_estimate":-0.9591804344022029,"standard_error":0.0007114688170072736},"median":{"confidence_interval":{"confidence_level":0.95,"lower_bound":-0.9600293387875576,"upper_bound":-0.9572897610187623},"point_estimate":-0.9583049295138745,"standard_error":0.0006949086758264133}}