{"mean":{"confidence_interval":{"confidence_level":0.95,"lower_bound":3888930.7729090913,"upper_bound":3975923.689090909},"point_estimate":3934312.516363636,"standard_error":22095.88761279941},"median":{"confidence_interval":{"confidence_level":0.95,"lower_bound":3916364.6363636362,"upper_bound":4010275.0},"point_estimate":3962819.8181818184,"standard_error":28487.39971529875},"median_abs_dev":{"confidence_interval":{"confidence_level":0.95,"lower_bound":31606.740147959164,"upper_bound":175164.8738720199},"point_estimate":82352.90248339789,"standard_error":32626.86778772798},"slope":null,"std_dev":{"confidence_interval":{"confidence_level":0.95,"lower_bound":75203.75671046588,"upper_bound":140563.78837330957},"point_estimate":113401.78425752283,"standard_error":16902.80712205799}}