{"mean":{"confidence_interval":{"confidence_level":0.95,"lower_bound":5080520.101,"upper_bound":5464618.409},"point_estimate":5262430.68,"standard_error":97522.4637025641},"median":{"confidence_interval":{"confidence_level":0.95,"lower_bound":5017871.0,"upper_bound":5217474.0},"point_estimate":5128772.0,"standard_error":77258.42443933964},"median_abs_dev":{"confidence_interval":{"confidence_level":0.95,"lower_bound":140698.73750209808,"upper_bound":671626.6836762428},"point_estimate":314315.6422197819,"standard_error":164990.95785931556},"slope":null,"std_dev":{"confidence_interval":{"confidence_level":0.95,"lower_bound":313945.8629981641,"upper_bound":619347.1313396093},"point_estimate":495579.1329621939,"standard_error":77795.29308871982}}