{"mean":{"confidence_interval":{"confidence_level":0.95,"lower_bound":0.14861009003113146,"upper_bound":0.2834928668931181},"point_estimate":0.21441935062510997,"standard_error":0.034224619725869924},"median":{"confidence_interval":{"confidence_level":0.95,"lower_bound":0.10923133318055754,"upper_bound":0.3197880310953114},"point_estimate":0.20960999297129512,"standard_error":0.05411451048149355}}