{"mean":{"confidence_interval":{"confidence_level":0.95,"lower_bound":0.16571796294799693,"upper_bound":0.31268701621904615},"point_estimate":0.23308956699729566,"standard_error":0.03756526566540177},"median":{"confidence_interval":{"confidence_level":0.95,"lower_bound":0.11274792402269725,"upper_bound":0.30675631558014527},"point_estimate":0.22404192802543488,"standard_error":0.05081216569071719}}