{"mean":{"confidence_interval":{"confidence_level":0.95,"lower_bound":0.1675978108496546,"upper_bound":0.28072174636775},"point_estimate":0.22439728745272514,"standard_error":0.028576299119402522},"median":{"confidence_interval":{"confidence_level":0.95,"lower_bound":0.19519177287706646,"upper_bound":0.26927091265975095},"point_estimate":0.2256410501383177,"standard_error":0.02217838740943637}}