{"mean":{"confidence_interval":{"confidence_level":0.95,"lower_bound":0.0806258328349199,"upper_bound":0.18127221419575718},"point_estimate":0.13107466149083802,"standard_error":0.02564932002317894},"median":{"confidence_interval":{"confidence_level":0.95,"lower_bound":0.08110533275656784,"upper_bound":0.16304188902697558},"point_estimate":0.1138620511888615,"standard_error":0.024528799292196923}}