{"mean":{"confidence_interval":{"confidence_level":0.95,"lower_bound":4118063.726666668,"upper_bound":4364746.525083333},"point_estimate":4225436.263333335,"standard_error":63577.40610503819},"median":{"confidence_interval":{"confidence_level":0.95,"lower_bound":4108119.0,"upper_bound":4220857.333333333},"point_estimate":4153521.0,"standard_error":27715.053811137575},"median_abs_dev":{"confidence_interval":{"confidence_level":0.95,"lower_bound":209624.31607842457,"upper_bound":337603.3342063426},"point_estimate":285808.7041258811,"standard_error":31160.104854785703},"slope":null,"std_dev":{"confidence_interval":{"confidence_level":0.95,"lower_bound":246030.91708862432,"upper_bound":991747.2158747514},"point_estimate":640340.9969876647,"standard_error":213536.94204616893}}