{"mean":{"confidence_interval":{"confidence_level":0.95,"lower_bound":11489243.81425,"upper_bound":11651164.265250001},"point_estimate":11548340.71,"standard_error":46852.53991105074},"median":{"confidence_interval":{"confidence_level":0.95,"lower_bound":11488087.75,"upper_bound":11506713.0},"point_estimate":11493363.0,"standard_error":4517.883952102606},"median_abs_dev":{"confidence_interval":{"confidence_level":0.95,"lower_bound":6931.154876947403,"upper_bound":49333.884774148464},"point_estimate":34396.69003933668,"standard_error":13028.87155487812},"slope":null,"std_dev":{"confidence_interval":{"confidence_level":0.95,"lower_bound":28331.15430950623,"upper_bound":395452.55999835697},"point_estimate":239187.77909397834,"standard_error":127551.53495864799}}