{"mean":{"confidence_interval":{"confidence_level":0.95,"lower_bound":9468263.933333332,"upper_bound":9606703.770000003},"point_estimate":9532371.386666667,"standard_error":35134.13700124708},"median":{"confidence_interval":{"confidence_level":0.95,"lower_bound":9472880.166666668,"upper_bound":9561497.666666666},"point_estimate":9530430.833333334,"standard_error":21366.006883003236},"median_abs_dev":{"confidence_interval":{"confidence_level":0.95,"lower_bound":86098.53407144778,"upper_bound":188588.44635188626},"point_estimate":136449.85307753133,"standard_error":25976.644124054346},"slope":null,"std_dev":{"confidence_interval":{"confidence_level":0.95,"lower_bound":143091.65943447556,"upper_bound":359684.7980717567},"point_estimate":250945.60752462246,"standard_error":60477.36878624797}}