{"mean":{"confidence_interval":{"confidence_level":0.95,"lower_bound":9392259.122,"upper_bound":11802136.023999998},"point_estimate":10457387.88,"standard_error":597588.6427841253},"median":{"confidence_interval":{"confidence_level":0.95,"lower_bound":8686003.0,"upper_bound":10545582.0},"point_estimate":9359419.0,"standard_error":493815.0989905748},"median_abs_dev":{"confidence_interval":{"confidence_level":0.95,"lower_bound":326329.1498064995,"upper_bound":2736154.152308553},"point_estimate":1234885.6874763966,"standard_error":591329.2939267479},"slope":null,"std_dev":{"confidence_interval":{"confidence_level":0.95,"lower_bound":1326114.3447758786,"upper_bound":4513205.241633765},"point_estimate":3060093.0900180186,"standard_error":945595.3159831797}}