{"mean":{"confidence_interval":{"confidence_level":0.95,"lower_bound":9015523.063000001,"upper_bound":9862656.318999998},"point_estimate":9412481.64,"standard_error":220450.63056516333},"median":{"confidence_interval":{"confidence_level":0.95,"lower_bound":8645623.0,"upper_bound":9719638.0},"point_estimate":9126330.0,"standard_error":238631.5639105247},"median_abs_dev":{"confidence_interval":{"confidence_level":0.95,"lower_bound":452347.1823692322,"upper_bound":1317011.3478183746},"point_estimate":873709.5078885555,"standard_error":217048.63803818543},"slope":null,"std_dev":{"confidence_interval":{"confidence_level":0.95,"lower_bound":646485.1242064631,"upper_bound":1477359.201306241},"point_estimate":1122884.3550126047,"standard_error":213086.24492427596}}