{"mean":{"confidence_interval":{"confidence_level":0.95,"lower_bound":11949190.65025,"upper_bound":12610425.39},"point_estimate":12268145.03,"standard_error":168826.22191948866},"median":{"confidence_interval":{"confidence_level":0.95,"lower_bound":11594423.0,"upper_bound":12160198.0},"point_estimate":11875685.0,"standard_error":154271.71598823045},"median_abs_dev":{"confidence_interval":{"confidence_level":0.95,"lower_bound":1108064.0486629307,"upper_bound":1935324.4777411222},"point_estimate":1575629.4155269861,"standard_error":214298.30008013317},"slope":null,"std_dev":{"confidence_interval":{"confidence_level":0.95,"lower_bound":1402062.328082749,"upper_bound":1986686.965927371},"point_estimate":1711651.840312563,"standard_error":149929.10553138607}}