{"mean":{"confidence_interval":{"confidence_level":0.95,"lower_bound":14099783.441,"upper_bound":15340863.4155},"point_estimate":14681315.46,"standard_error":306619.6592479134},"median":{"confidence_interval":{"confidence_level":0.95,"lower_bound":13476860.0,"upper_bound":15427982.0},"point_estimate":14220967.5,"standard_error":542188.3781469684},"median_abs_dev":{"confidence_interval":{"confidence_level":0.95,"lower_bound":1503996.8564987185,"upper_bound":2869114.514845535},"point_estimate":2186860.906675458,"standard_error":333470.01708302624},"slope":null,"std_dev":{"confidence_interval":{"confidence_level":0.95,"lower_bound":1685796.5014221612,"upper_bound":2652835.5359409945},"point_estimate":2197307.211259283,"standard_error":245814.051570229}}