{"mean":{"confidence_interval":{"confidence_level":0.95,"lower_bound":0.16963791290424174,"upper_bound":0.4707409286470142},"point_estimate":0.27258661138169726,"standard_error":0.07776691419681867},"median":{"confidence_interval":{"confidence_level":0.95,"lower_bound":0.12234265345187811,"upper_bound":0.17621275966119532},"point_estimate":0.1494543284368819,"standard_error":0.014507092693709539}}