{"mean":{"confidence_interval":{"confidence_level":0.95,"lower_bound":0.12630160479845776,"upper_bound":0.1931465216289125},"point_estimate":0.15765384495127943,"standard_error":0.01707302139050295},"median":{"confidence_interval":{"confidence_level":0.95,"lower_bound":0.08882494906676364,"upper_bound":0.16495018442469767},"point_estimate":0.11527842364082619,"standard_error":0.019034298337229708}}