{"mean":{"confidence_interval":{"confidence_level":0.95,"lower_bound":-0.9852964425616451,"upper_bound":-0.984826994431685},"point_estimate":-0.9851056540583745,"standard_error":0.00011365978144033818},"median":{"confidence_interval":{"confidence_level":0.95,"lower_bound":-0.9853036653497691,"upper_bound":-0.9851886656018097},"point_estimate":-0.9852506779715738,"standard_error":0.00003102548024725142}}