{"mean":{"confidence_interval":{"confidence_level":0.95,"lower_bound":-0.01040111011464548,"upper_bound":0.010104292390608314},"point_estimate":0.00040363059486181463,"standard_error":0.0051078915954219295},"median":{"confidence_interval":{"confidence_level":0.95,"lower_bound":-0.017502873988111012,"upper_bound":-0.0027204389131048057},"point_estimate":-0.011080709313911918,"standard_error":0.0036896934039204717}}