{"mean":{"confidence_interval":{"confidence_level":0.95,"lower_bound":-0.8403565643121834,"upper_bound":-0.8335002636702447},"point_estimate":-0.8372798339269824,"standard_error":0.001768305922467549},"median":{"confidence_interval":{"confidence_level":0.95,"lower_bound":-0.8422412775619575,"upper_bound":-0.8381294134361026},"point_estimate":-0.8407700999785214,"standard_error":0.0011029952044335743}}