{"mean":{"confidence_interval":{"confidence_level":0.95,"lower_bound":0.04989450431233178,"upper_bound":0.0988343839639445},"point_estimate":0.07003344068432904,"standard_error":0.011420572294148997},"median":{"confidence_interval":{"confidence_level":0.95,"lower_bound":0.03949623307874939,"upper_bound":0.06592441672487337},"point_estimate":0.05096659674722037,"standard_error":0.007094383730206348}}