{"mean":{"confidence_interval":{"confidence_level":0.95,"lower_bound":9871406.673333332,"upper_bound":10329636.771249995},"point_estimate":10070903.330000002,"standard_error":118864.88532421079},"median":{"confidence_interval":{"confidence_level":0.95,"lower_bound":9790463.666666666,"upper_bound":10017846.333333334},"point_estimate":9910904.333333334,"standard_error":54467.34018066059},"median_abs_dev":{"confidence_interval":{"confidence_level":0.95,"lower_bound":408383.3982497449,"upper_bound":719864.7232123463},"point_estimate":555863.5480314502,"standard_error":78310.80655867088},"slope":null,"std_dev":{"confidence_interval":{"confidence_level":0.95,"lower_bound":598293.1679786274,"upper_bound":1801445.1442374866},"point_estimate":1194260.4913459863,"standard_error":341407.80246929935}}