{"mean":{"confidence_interval":{"confidence_level":0.95,"lower_bound":8004985.603750001,"upper_bound":8260534.990499999},"point_estimate":8132957.56,"standard_error":64725.61509321395},"median":{"confidence_interval":{"confidence_level":0.95,"lower_bound":7965713.0,"upper_bound":8321543.25},"point_estimate":8221591.75,"standard_error":90165.82964930256},"median_abs_dev":{"confidence_interval":{"confidence_level":0.95,"lower_bound":95962.39524632692,"upper_bound":517249.8494669795},"point_estimate":336851.1618196964,"standard_error":114144.18800309056},"slope":null,"std_dev":{"confidence_interval":{"confidence_level":0.95,"lower_bound":242877.77565758102,"upper_bound":412441.36508913105},"point_estimate":335882.90450991556,"standard_error":43734.57541188461}}