{"mean":{"confidence_interval":{"confidence_level":0.95,"lower_bound":9387788.512333333,"upper_bound":9582842.757166663},"point_estimate":9475500.94666667,"standard_error":50434.80542993718},"median":{"confidence_interval":{"confidence_level":0.95,"lower_bound":9421229.666666668,"upper_bound":9489764.0},"point_estimate":9443963.333333332,"standard_error":19686.206862008203},"median_abs_dev":{"confidence_interval":{"confidence_level":0.95,"lower_bound":65999.6675282717,"upper_bound":222741.62552304735},"point_estimate":94121.62382900761,"standard_error":43246.38031043527},"slope":null,"std_dev":{"confidence_interval":{"confidence_level":0.95,"lower_bound":177056.97840808475,"upper_bound":547801.7225800727},"point_estimate":363348.65086943866,"standard_error":106858.28035638924}}