{"mean":{"confidence_interval":{"confidence_level":0.95,"lower_bound":-0.9619226154747962,"upper_bound":-0.9565207575626772},"point_estimate":-0.9590265373656012,"standard_error":0.0014041962698067712},"median":{"confidence_interval":{"confidence_level":0.95,"lower_bound":-0.9570849788455824,"upper_bound":-0.9557558319363991},"point_estimate":-0.9564780793169052,"standard_error":0.0003562232887651559}}