{"mean":{"confidence_interval":{"confidence_level":0.95,"lower_bound":-0.10223628270447505,"upper_bound":0.0363069499490155},"point_estimate":-0.032760752437347884,"standard_error":0.036072403590965495},"median":{"confidence_interval":{"confidence_level":0.95,"lower_bound":-0.0230274564902454,"upper_bound":-0.01042619023710667},"point_estimate":-0.01758131029408816,"standard_error":0.003390703572486132}}