{"mean":{"confidence_interval":{"confidence_level":0.95,"lower_bound":12369879.4078125,"upper_bound":12854829.951937499},"point_estimate":12587166.86,"standard_error":125119.9201855542},"median":{"confidence_interval":{"confidence_level":0.95,"lower_bound":12141268.175,"upper_bound":12404413.0},"point_estimate":12274581.0,"standard_error":74950.88843421741},"median_abs_dev":{"confidence_interval":{"confidence_level":0.95,"lower_bound":456188.4182091617,"upper_bound":773846.8646902217},"point_estimate":613175.7356889546,"standard_error":82466.94297871925},"slope":null,"std_dev":{"confidence_interval":{"confidence_level":0.95,"lower_bound":608734.3240228029,"upper_bound":1827448.418939741},"point_estimate":1259331.1560929923,"standard_error":322478.89398638334}}