{"mean":{"confidence_interval":{"confidence_level":0.95,"lower_bound":11463673.311999999,"upper_bound":11729089.785916666},"point_estimate":11580776.863333335,"standard_error":68249.81215250742},"median":{"confidence_interval":{"confidence_level":0.95,"lower_bound":11293153.0,"upper_bound":11465361.333333334},"point_estimate":11406558.5,"standard_error":46631.573001018725},"median_abs_dev":{"confidence_interval":{"confidence_level":0.95,"lower_bound":202136.19781136338,"upper_bound":415893.7493389099},"point_estimate":320751.60870552063,"standard_error":55944.596093395034},"slope":null,"std_dev":{"confidence_interval":{"confidence_level":0.95,"lower_bound":375209.25208316837,"upper_bound":1017520.1928876954},"point_estimate":686463.6011201171,"standard_error":194361.68410307818}}