{"mean":{"confidence_interval":{"confidence_level":0.95,"lower_bound":10808638.271,"upper_bound":11194578.03375},"point_estimate":10959544.68,"standard_error":104856.84046562017},"median":{"confidence_interval":{"confidence_level":0.95,"lower_bound":10782178.0,"upper_bound":10818804.25},"point_estimate":10796153.5,"standard_error":10730.931861910423},"median_abs_dev":{"confidence_interval":{"confidence_level":0.95,"lower_bound":13603.225408494473,"upper_bound":109122.3232626915},"point_estimate":28466.660794615746,"standard_error":22688.473831938714},"slope":null,"std_dev":{"confidence_interval":{"confidence_level":0.95,"lower_bound":103819.00694869799,"upper_bound":861896.886935158},"point_estimate":535716.3660773754,"standard_error":245963.7286437137}}