{"mean":{"confidence_interval":{"confidence_level":0.95,"lower_bound":589787.1647500001,"upper_bound":618581.0930000003},"point_estimate":603771.6033333334,"standard_error":7276.0331742305925},"median":{"confidence_interval":{"confidence_level":0.95,"lower_bound":580009.8333333333,"upper_bound":604394.3333333334},"point_estimate":592843.8333333334,"standard_error":7207.8800203244755},"median_abs_dev":{"confidence_interval":{"confidence_level":0.95,"lower_bound":40671.92415542894,"upper_bound":66324.60402250296},"point_estimate":53153.43295633784,"standard_error":6316.211305506085},"slope":null,"std_dev":{"confidence_interval":{"confidence_level":0.95,"lower_bound":56242.982101113936,"upper_bound":88810.04948352225},"point_estimate":73619.57956271863,"standard_error":8246.682566386862}}