{"mean":{"confidence_interval":{"confidence_level":0.95,"lower_bound":673231.384375,"upper_bound":711079.1466249999},"point_estimate":690330.185,"standard_error":9661.986301942348},"median":{"confidence_interval":{"confidence_level":0.95,"lower_bound":665771.25,"upper_bound":684597.5},"point_estimate":674021.75,"standard_error":4736.103478494994},"median_abs_dev":{"confidence_interval":{"confidence_level":0.95,"lower_bound":40329.313834011555,"upper_bound":67092.09660887718},"point_estimate":57788.78177404404,"standard_error":6828.330211800323},"slope":null,"std_dev":{"confidence_interval":{"confidence_level":0.95,"lower_bound":51664.98946437264,"upper_bound":141357.0020782467},"point_estimate":97299.20783143364,"standard_error":24253.707660308748}}