{"mean":{"confidence_interval":{"confidence_level":0.95,"lower_bound":541134.3263333333,"upper_bound":561948.14},"point_estimate":551465.2,"standard_error":5376.940460624467},"median":{"confidence_interval":{"confidence_level":0.95,"lower_bound":540007.6666666666,"upper_bound":562041.3333333334},"point_estimate":549174.6666666666,"standard_error":5561.6490577723025},"median_abs_dev":{"confidence_interval":{"confidence_level":0.95,"lower_bound":9538.059830665474,"upper_bound":40772.48767614359},"point_estimate":21251.09382271761,"standard_error":7933.0327901586925},"slope":null,"std_dev":{"confidence_interval":{"confidence_level":0.95,"lower_bound":19431.241254516466,"upper_bound":33334.51644970024},"point_estimate":27330.338799379875,"standard_error":3549.921698554556}}