{"mean":{"confidence_interval":{"confidence_level":0.95,"lower_bound":0.41308723315187346,"upper_bound":1.0207070967753684},"point_estimate":0.6215690440325428,"standard_error":0.1847673001459782},"median":{"confidence_interval":{"confidence_level":0.95,"lower_bound":0.3577714045202274,"upper_bound":0.40845062887938877},"point_estimate":0.3822547101072924,"standard_error":0.013140381324723182}}