{"mean":{"confidence_interval":{"confidence_level":0.95,"lower_bound":0.3948727865057798,"upper_bound":0.4705391125613479},"point_estimate":0.43026285007008314,"standard_error":0.018999262365809202},"median":{"confidence_interval":{"confidence_level":0.95,"lower_bound":0.37802932803078626,"upper_bound":0.42178250509354864},"point_estimate":0.40200194249988064,"standard_error":0.011602824016275114}}