{"mean":{"confidence_interval":{"confidence_level":0.95,"lower_bound":2354082.631714286,"upper_bound":2414431.988571428},"point_estimate":2385607.5828571427,"standard_error":15371.093991272257},"median":{"confidence_interval":{"confidence_level":0.95,"lower_bound":2366262.1428571427,"upper_bound":2428320.285714286},"point_estimate":2392534.0,"standard_error":14225.304861309916},"median_abs_dev":{"confidence_interval":{"confidence_level":0.95,"lower_bound":32194.023028441738,"upper_bound":102364.42078266844},"point_estimate":53734.29444602587,"standard_error":18184.45979664692},"slope":null,"std_dev":{"confidence_interval":{"confidence_level":0.95,"lower_bound":49686.417614760394,"upper_bound":104588.35367132166},"point_estimate":79443.39588922056,"standard_error":14588.5266885756}}