{"mean":{"confidence_interval":{"confidence_level":0.95,"lower_bound":2801859.4498999994,"upper_bound":2863885.2754499996},"point_estimate":2831382.8740000003,"standard_error":15940.05337998419},"median":{"confidence_interval":{"confidence_level":0.95,"lower_bound":2778390.3,"upper_bound":2834023.8},"point_estimate":2796161.5,"standard_error":14404.51849082685},"median_abs_dev":{"confidence_interval":{"confidence_level":0.95,"lower_bound":80717.33862698026,"upper_bound":144859.50606822953},"point_estimate":107095.01605868353,"standard_error":16429.865906811305},"slope":null,"std_dev":{"confidence_interval":{"confidence_level":0.95,"lower_bound":110929.11972635382,"upper_bound":215286.7493793997},"point_estimate":160778.5951368927,"standard_error":27995.36295582385}}