{"mean":{"confidence_interval":{"confidence_level":0.95,"lower_bound":4326614.1805,"upper_bound":4681863.43075},"point_estimate":4487431.42,"standard_error":89361.67124504036},"median":{"confidence_interval":{"confidence_level":0.95,"lower_bound":4132364.375,"upper_bound":4523051.0},"point_estimate":4347122.5,"standard_error":128214.58694418664},"median_abs_dev":{"confidence_interval":{"confidence_level":0.95,"lower_bound":350188.06594166905,"upper_bound":714959.7357906774},"point_estimate":543495.9461510181,"standard_error":96196.16009807734},"slope":null,"std_dev":{"confidence_interval":{"confidence_level":0.95,"lower_bound":456448.8917580411,"upper_bound":825470.2393112364},"point_estimate":643019.6074563434,"standard_error":95396.63158726692}}