{"mean":{"confidence_interval":{"confidence_level":0.95,"lower_bound":7578873.399333333,"upper_bound":7878241.421999998},"point_estimate":7721513.680000002,"standard_error":77190.35915147394},"median":{"confidence_interval":{"confidence_level":0.95,"lower_bound":7455572.666666667,"upper_bound":7891112.0},"point_estimate":7611008.0,"standard_error":85176.69163016755},"median_abs_dev":{"confidence_interval":{"confidence_level":0.95,"lower_bound":163483.8280975814,"upper_bound":565026.7571687694},"point_estimate":331118.4419214721,"standard_error":99321.21067474369},"slope":null,"std_dev":{"confidence_interval":{"confidence_level":0.95,"lower_bound":266395.2396400831,"upper_bound":486654.6531057755},"point_estimate":393180.2865031378,"standard_error":55592.87306713737}}