{"mean":{"confidence_interval":{"confidence_level":0.95,"lower_bound":0.4001571482140367,"upper_bound":0.4657621146523307},"point_estimate":0.43051081096616306,"standard_error":0.016464665635581674},"median":{"confidence_interval":{"confidence_level":0.95,"lower_bound":0.366599137344753,"upper_bound":0.4208282079602943},"point_estimate":0.40297345826642395,"standard_error":0.014436075203860881}}