{"mean":{"confidence_interval":{"confidence_level":0.95,"lower_bound":0.16751719316048233,"upper_bound":0.20813910557566276},"point_estimate":0.1868602759088196,"standard_error":0.010501014868955891},"median":{"confidence_interval":{"confidence_level":0.95,"lower_bound":0.15001618407770567,"upper_bound":0.18978903465451857},"point_estimate":0.16870293170337392,"standard_error":0.009550497275824599}}