{"mean":{"confidence_interval":{"confidence_level":0.95,"lower_bound":-0.9917145112214139,"upper_bound":-0.9906090771848999},"point_estimate":-0.9911014634028471,"standard_error":0.0002925738712822349},"median":{"confidence_interval":{"confidence_level":0.95,"lower_bound":-0.9907977686955162,"upper_bound":-0.9906841762391421},"point_estimate":-0.9907309836569018,"standard_error":0.000033717720326642595}}