{"mean":{"confidence_interval":{"confidence_level":0.95,"lower_bound":-0.0662301639604232,"upper_bound":0.05574338664188744},"point_estimate":0.0012489235912500618,"standard_error":0.03252083735795428},"median":{"confidence_interval":{"confidence_level":0.95,"lower_bound":0.03718915623502239,"upper_bound":0.06490993251026111},"point_estimate":0.05208620018395327,"standard_error":0.00655116045366398}}