{"mean":{"confidence_interval":{"confidence_level":0.95,"lower_bound":14847422.628500002,"upper_bound":15385942.133},"point_estimate":15106051.73,"standard_error":138176.56610960638},"median":{"confidence_interval":{"confidence_level":0.95,"lower_bound":14450853.5,"upper_bound":15259109.0},"point_estimate":14802671.0,"standard_error":236027.8818188695},"median_abs_dev":{"confidence_interval":{"confidence_level":0.95,"lower_bound":984793.4962414205,"upper_bound":1676600.6265243886},"point_estimate":1290085.108396411,"standard_error":174118.9018675573},"slope":null,"std_dev":{"confidence_interval":{"confidence_level":0.95,"lower_bound":1122201.6960565257,"upper_bound":1689880.2141037865},"point_estimate":1396191.7605876005,"standard_error":146996.7590818603}}