{"mean":{"confidence_interval":{"confidence_level":0.95,"lower_bound":11749658.739,"upper_bound":13424373.676},"point_estimate":12474244.92,"standard_error":435484.0827761786},"median":{"confidence_interval":{"confidence_level":0.95,"lower_bound":11250859.0,"upper_bound":12435376.0},"point_estimate":12219374.0,"standard_error":374608.46035839175},"median_abs_dev":{"confidence_interval":{"confidence_level":0.95,"lower_bound":594678.2624423504,"upper_bound":1787893.9950585365},"point_estimate":1435920.3135073185,"standard_error":340830.6953105852},"slope":null,"std_dev":{"confidence_interval":{"confidence_level":0.95,"lower_bound":792636.5012756425,"upper_bound":3253487.9872828526},"point_estimate":2199704.8409276023,"standard_error":681965.332235523}}