{"mean":{"confidence_interval":{"confidence_level":0.95,"lower_bound":6275743.55925,"upper_bound":6641951.474749999},"point_estimate":6443305.85,"standard_error":93497.13606824454},"median":{"confidence_interval":{"confidence_level":0.95,"lower_bound":6183578.2375,"upper_bound":6484092.0},"point_estimate":6286033.5,"standard_error":75762.5112853624},"median_abs_dev":{"confidence_interval":{"confidence_level":0.95,"lower_bound":417963.4650796652,"upper_bound":683147.9495391994},"point_estimate":557484.2769026756,"standard_error":68180.304585969},"slope":null,"std_dev":{"confidence_interval":{"confidence_level":0.95,"lower_bound":499367.7815867904,"upper_bound":1331762.1807460692},"point_estimate":941987.7323427572,"standard_error":219766.08122878557}}