{"mean":{"confidence_interval":{"confidence_level":0.95,"lower_bound":0.3028449870980835,"upper_bound":0.4277523208955341},"point_estimate":0.36272256173941386,"standard_error":0.031865314415921456},"median":{"confidence_interval":{"confidence_level":0.95,"lower_bound":0.2736523548554542,"upper_bound":0.37642172098566573},"point_estimate":0.3247630628882905,"standard_error":0.024642178950573718}}