{"mean":{"confidence_interval":{"confidence_level":0.95,"lower_bound":0.3180811033264897,"upper_bound":0.42244547694402573},"point_estimate":0.37237515646093056,"standard_error":0.02719131070702703},"median":{"confidence_interval":{"confidence_level":0.95,"lower_bound":0.28819216644828827,"upper_bound":0.4095792791209014},"point_estimate":0.3475386772529332,"standard_error":0.029597570423782648}}