{"mean":{"confidence_interval":{"confidence_level":0.95,"lower_bound":1321695.16925,"upper_bound":1451865.8098333331},"point_estimate":1382236.4266666665,"standard_error":33307.589563099114},"median":{"confidence_interval":{"confidence_level":0.95,"lower_bound":1305191.6666666667,"upper_bound":1353130.6666666667},"point_estimate":1331743.0,"standard_error":11915.506101106841},"median_abs_dev":{"confidence_interval":{"confidence_level":0.95,"lower_bound":88964.16507557036,"upper_bound":185383.2011137905},"point_estimate":127902.66422927374,"standard_error":24300.479058816032},"slope":null,"std_dev":{"confidence_interval":{"confidence_level":0.95,"lower_bound":197744.52913699546,"upper_bound":457038.5425387966},"point_estimate":333078.37152984634,"standard_error":67484.35756767853}}