{"mean":{"confidence_interval":{"confidence_level":0.95,"lower_bound":1304660.167083333,"upper_bound":1405196.4795833332},"point_estimate":1353920.353333333,"standard_error":25801.1810144529},"median":{"confidence_interval":{"confidence_level":0.95,"lower_bound":1265014.6666666667,"upper_bound":1351687.0},"point_estimate":1318818.0,"standard_error":24300.24939867351},"median_abs_dev":{"confidence_interval":{"confidence_level":0.95,"lower_bound":135863.9789879322,"upper_bound":256728.74114215386},"point_estimate":198953.0556678772,"standard_error":30921.756983285315},"slope":null,"std_dev":{"confidence_interval":{"confidence_level":0.95,"lower_bound":205695.70886185212,"upper_bound":314233.6923382544},"point_estimate":259346.02668803412,"standard_error":27939.223683293818}}