{"mean":{"confidence_interval":{"confidence_level":0.95,"lower_bound":1087261.144,"upper_bound":1224515.9864999999},"point_estimate":1152398.77,"standard_error":35787.35148360115},"median":{"confidence_interval":{"confidence_level":0.95,"lower_bound":1003225.75,"upper_bound":1254457.5},"point_estimate":1058452.25,"standard_error":89233.43527947627},"median_abs_dev":{"confidence_interval":{"confidence_level":0.95,"lower_bound":47815.887726098335,"upper_bound":305879.6483695506},"point_estimate":165869.94920521975,"standard_error":80077.36673172325},"slope":null,"std_dev":{"confidence_interval":{"confidence_level":0.95,"lower_bound":139999.76478334115,"upper_bound":210814.7536679456},"point_estimate":181892.8490062459,"standard_error":18309.540926681973}}