{"mean":{"confidence_interval":{"confidence_level":0.95,"lower_bound":2904917.5987857142,"upper_bound":3023283.3658571425},"point_estimate":2950566.685714286,"standard_error":31826.424508477197},"median":{"confidence_interval":{"confidence_level":0.95,"lower_bound":2890469.5714285714,"upper_bound":2914784.1428571427},"point_estimate":2900441.1428571427,"standard_error":6612.7586238034},"median_abs_dev":{"confidence_interval":{"confidence_level":0.95,"lower_bound":8736.961644887924,"upper_bound":43663.20462482326},"point_estimate":22398.27320235126,"standard_error":8283.484809747846},"slope":null,"std_dev":{"confidence_interval":{"confidence_level":0.95,"lower_bound":34029.472678579485,"upper_bound":260797.01409034507},"point_estimate":162796.27460062943,"standard_error":72560.45714607748}}