{"mean":{"confidence_interval":{"confidence_level":0.95,"lower_bound":2925311.895639919,"upper_bound":3232112.8975079446},"point_estimate":3047901.3324402077,"standard_error":81012.97970305556},"median":{"confidence_interval":{"confidence_level":0.95,"lower_bound":2898604.9,"upper_bound":2959701.5},"point_estimate":2918847.5555555555,"standard_error":14760.863842502698},"median_abs_dev":{"confidence_interval":{"confidence_level":0.95,"lower_bound":10250.053758024802,"upper_bound":86504.74587256741},"point_estimate":33647.77113596583,"standard_error":18111.333782623562},"slope":{"confidence_interval":{"confidence_level":0.95,"lower_bound":2915647.1676142453,"upper_bound":3246815.7664964744},"point_estimate":3034777.424253394,"standard_error":95198.12865122627},"std_dev":{"confidence_interval":{"confidence_level":0.95,"lower_bound":41826.9040616742,"upper_bound":640117.6166727166},"point_estimate":412265.39431943547,"standard_error":171338.87460787865}}