{"mean":{"confidence_interval":{"confidence_level":0.95,"lower_bound":0.004751601066695937,"upper_bound":0.040726988253660834},"point_estimate":0.02234757379951291,"standard_error":0.009495347557056921},"median":{"confidence_interval":{"confidence_level":0.95,"lower_bound":-0.019299876028818507,"upper_bound":-0.005145319187110253},"point_estimate":-0.010656021883315936,"standard_error":0.00387355504447864}}