{"mean":{"confidence_interval":{"confidence_level":0.95,"lower_bound":-0.9545932533516571,"upper_bound":-0.9528926209393658},"point_estimate":-0.9536616554551812,"standard_error":0.0004074265019767139},"median":{"confidence_interval":{"confidence_level":0.95,"lower_bound":-0.9536193850149377,"upper_bound":-0.9528124283776851},"point_estimate":-0.9531778510404045,"standard_error":0.0002093200022624318}}