{"mean":{"confidence_interval":{"confidence_level":0.95,"lower_bound":-0.9835195248861512,"upper_bound":-0.9830971257382272},"point_estimate":-0.983295428757191,"standard_error":0.00011143039352253244},"median":{"confidence_interval":{"confidence_level":0.95,"lower_bound":-0.9838024431484941,"upper_bound":-0.9834003884309481},"point_estimate":-0.9835628013015641,"standard_error":0.0001120869052307565}}