{"mean":{"confidence_interval":{"confidence_level":0.95,"lower_bound":0.005579548968025724,"upper_bound":0.04474759218818858},"point_estimate":0.021608583779671342,"standard_error":0.009941434851248297},"median":{"confidence_interval":{"confidence_level":0.95,"lower_bound":-0.009075568554096636,"upper_bound":0.00629627953860834},"point_estimate":-0.0021422257029880543,"standard_error":0.004264450836140814}}