{"mean":{"confidence_interval":{"confidence_level":0.95,"lower_bound":0.2396592492274797,"upper_bound":0.3393323917074934},"point_estimate":0.2882446443951254,"standard_error":0.025402703429077734},"median":{"confidence_interval":{"confidence_level":0.95,"lower_bound":0.1879445456724913,"upper_bound":0.28265748323940243},"point_estimate":0.24812012355076174,"standard_error":0.025766607242710616}}