{"mean":{"confidence_interval":{"confidence_level":0.95,"lower_bound":0.33190660887234447,"upper_bound":0.4292939606948045},"point_estimate":0.38253346544997724,"standard_error":0.02480579033724746},"median":{"confidence_interval":{"confidence_level":0.95,"lower_bound":0.3259522667200687,"upper_bound":0.40277099695608687},"point_estimate":0.3702263800586372,"standard_error":0.019453662890788773}}