{"mean":{"confidence_interval":{"confidence_level":0.95,"lower_bound":0.103172775892632,"upper_bound":0.15859937591019857},"point_estimate":0.13359271767183234,"standard_error":0.014269658381793959},"median":{"confidence_interval":{"confidence_level":0.95,"lower_bound":0.1272825035078038,"upper_bound":0.1571949825674548},"point_estimate":0.13751740518269107,"standard_error":0.00792473852744305}}