{"mean":{"confidence_interval":{"confidence_level":0.95,"lower_bound":-0.770094206183435,"upper_bound":-0.7581150748263827},"point_estimate":-0.763446218086421,"standard_error":0.0030278368042872686},"median":{"confidence_interval":{"confidence_level":0.95,"lower_bound":-0.7666770076076119,"upper_bound":-0.7619500082678751},"point_estimate":-0.7649943401358148,"standard_error":0.0012312615386719792}}