{"mean":{"confidence_interval":{"confidence_level":0.95,"lower_bound":2893835.4944444443,"upper_bound":2946974.1994444453},"point_estimate":2919131.3705555564,"standard_error":13593.277793168518},"median":{"confidence_interval":{"confidence_level":0.95,"lower_bound":2850443.8333333335,"upper_bound":2883206.611111111},"point_estimate":2860874.944444444,"standard_error":9550.404397881677},"median_abs_dev":{"confidence_interval":{"confidence_level":0.95,"lower_bound":50236.45869145787,"upper_bound":107329.07741119503},"point_estimate":76908.76168459585,"standard_error":16031.872827667958},"slope":null,"std_dev":{"confidence_interval":{"confidence_level":0.95,"lower_bound":102067.80490852213,"upper_bound":163950.9431736678},"point_estimate":134691.2470613906,"standard_error":15979.550350045916}}