{"mean":{"confidence_interval":{"confidence_level":0.95,"lower_bound":25881941.5505,"upper_bound":28202282.4165},"point_estimate":27029651.36,"standard_error":585901.9003787152},"median":{"confidence_interval":{"confidence_level":0.95,"lower_bound":25567496.5,"upper_bound":27696770.5},"point_estimate":26392207.0,"standard_error":645430.2146529915},"median_abs_dev":{"confidence_interval":{"confidence_level":0.95,"lower_bound":1893084.2037360372,"upper_bound":3629844.7712373734},"point_estimate":2532603.9618372917,"standard_error":456309.8490295377},"slope":null,"std_dev":{"confidence_interval":{"confidence_level":0.95,"lower_bound":2659731.0770631754,"upper_bound":5300058.614140405},"point_estimate":4064447.7521173107,"standard_error":691922.0829196898}}