{"mean":{"confidence_interval":{"confidence_level":0.95,"lower_bound":929960.566,"upper_bound":1143841.73125},"point_estimate":1009384.14,"standard_error":57010.58379279202},"median":{"confidence_interval":{"confidence_level":0.95,"lower_bound":893661.5,"upper_bound":930064.0},"point_estimate":907162.0,"standard_error":8923.289565784906},"median_abs_dev":{"confidence_interval":{"confidence_level":0.95,"lower_bound":37363.00193667412,"upper_bound":69837.51964263615},"point_estimate":52487.0042681694,"standard_error":7989.675184050311},"slope":null,"std_dev":{"confidence_interval":{"confidence_level":0.95,"lower_bound":101982.93150562416,"upper_bound":955166.6759394144},"point_estimate":570381.8796479315,"standard_error":279195.1113141718}}