{"mean":{"confidence_interval":{"confidence_level":0.95,"lower_bound":1055445.3866666667,"upper_bound":1116977.746},"point_estimate":1084988.6933333334,"standard_error":15623.577992670509},"median":{"confidence_interval":{"confidence_level":0.95,"lower_bound":1036948.0,"upper_bound":1117682.3333333333},"point_estimate":1052481.6666666667,"standard_error":22712.430531088205},"median_abs_dev":{"confidence_interval":{"confidence_level":0.95,"lower_bound":22634.359598159732,"upper_bound":107144.04069781298},"point_estimate":61924.247300624906,"standard_error":25268.917497400187},"slope":null,"std_dev":{"confidence_interval":{"confidence_level":0.95,"lower_bound":51876.53892409091,"upper_bound":98515.22897973156},"point_estimate":79032.01511998275,"standard_error":12008.742588866427}}