{"mean":{"confidence_interval":{"confidence_level":0.95,"lower_bound":1482311.44525,"upper_bound":1628874.49625},"point_estimate":1547733.115,"standard_error":37962.70878121887},"median":{"confidence_interval":{"confidence_level":0.95,"lower_bound":1428815.0,"upper_bound":1535219.0},"point_estimate":1492067.75,"standard_error":26559.467646529283},"median_abs_dev":{"confidence_interval":{"confidence_level":0.95,"lower_bound":137442.9479598999,"upper_bound":229294.46412920952},"point_estimate":177845.65049260855,"standard_error":24688.43733698374},"slope":null,"std_dev":{"confidence_interval":{"confidence_level":0.95,"lower_bound":171366.3458532907,"upper_bound":581041.706528145},"point_estimate":383566.66612204316,"standard_error":112373.42076253642}}