{"mean":{"confidence_interval":{"confidence_level":0.95,"lower_bound":1455901.579375,"upper_bound":1594750.685},"point_estimate":1515719.53,"standard_error":35658.048327597404},"median":{"confidence_interval":{"confidence_level":0.95,"lower_bound":1392271.75,"upper_bound":1504404.5},"point_estimate":1436549.5,"standard_error":24482.805896697704},"median_abs_dev":{"confidence_interval":{"confidence_level":0.95,"lower_bound":127359.80407141152,"upper_bound":216772.06336777654},"point_estimate":178851.22392475605,"standard_error":22336.257008404828},"slope":null,"std_dev":{"confidence_interval":{"confidence_level":0.95,"lower_bound":166383.64080141776,"upper_bound":557232.4379657217},"point_estimate":360253.7103404414,"standard_error":120798.91819817021}}