{"mean":{"confidence_interval":{"confidence_level":0.95,"lower_bound":396413.42922568816,"upper_bound":446708.33544288477},"point_estimate":417605.4656462529,"standard_error":13239.900274937738},"median":{"confidence_interval":{"confidence_level":0.95,"lower_bound":384380.95454545453,"upper_bound":424160.95454545453},"point_estimate":399546.78125,"standard_error":11053.971671048419},"median_abs_dev":{"confidence_interval":{"confidence_level":0.95,"lower_bound":11019.186029370305,"upper_bound":50512.89713162593},"point_estimate":29980.163711495697,"standard_error":10387.404705512276},"slope":{"confidence_interval":{"confidence_level":0.95,"lower_bound":396476.58294284134,"upper_bound":432628.013923045},"point_estimate":413801.9621040724,"standard_error":9116.896390154205},"std_dev":{"confidence_interval":{"confidence_level":0.95,"lower_bound":23674.420883471954,"upper_bound":105971.27237383355},"point_estimate":67603.84733898584,"standard_error":25773.463866365262}}