{"mean":{"confidence_interval":{"confidence_level":0.95,"lower_bound":380337.48167708324,"upper_bound":382922.3066666667},"point_estimate":381641.99666666664,"standard_error":656.0275831209256},"median":{"confidence_interval":{"confidence_level":0.95,"lower_bound":380746.03125,"upper_bound":381878.3333333333},"point_estimate":381213.7395833333,"standard_error":304.3932179786326},"median_abs_dev":{"confidence_interval":{"confidence_level":0.95,"lower_bound":560.6390025466393,"upper_bound":1649.3924707174301},"point_estimate":1003.859175927937,"standard_error":256.85118355215485},"slope":null,"std_dev":{"confidence_interval":{"confidence_level":0.95,"lower_bound":1082.1205058039654,"upper_bound":4799.205789731386},"point_estimate":3372.921207148727,"standard_error":896.8231693653439}}