{"mean":{"confidence_interval":{"confidence_level":0.95,"lower_bound":381225.8022761905,"upper_bound":382634.6457333334},"point_estimate":381867.5855238095,"standard_error":361.1523379592013},"median":{"confidence_interval":{"confidence_level":0.95,"lower_bound":380813.0190476191,"upper_bound":381980.65714285715},"point_estimate":381379.69523809524,"standard_error":288.3915741084037},"median_abs_dev":{"confidence_interval":{"confidence_level":0.95,"lower_bound":515.394110849955,"upper_bound":1731.154329265853},"point_estimate":1104.2122203963406,"standard_error":325.47253176908475},"slope":null,"std_dev":{"confidence_interval":{"confidence_level":0.95,"lower_bound":865.2556439839078,"upper_bound":2467.4129674127057},"point_estimate":1841.709627251816,"standard_error":408.4200700488653}}