{"mean":{"confidence_interval":{"confidence_level":0.95,"lower_bound":0.3810457098667325,"upper_bound":0.4504544284127748},"point_estimate":0.41290047863055834,"standard_error":0.017597572939429533},"median":{"confidence_interval":{"confidence_level":0.95,"lower_bound":0.357338977618022,"upper_bound":0.4288768640268595},"point_estimate":0.38251604141224194,"standard_error":0.01956020310360189}}