{"mean":{"confidence_interval":{"confidence_level":0.95,"lower_bound":0.1835172144859278,"upper_bound":0.2366711308604609},"point_estimate":0.20780735764007519,"standard_error":0.013613992171871345},"median":{"confidence_interval":{"confidence_level":0.95,"lower_bound":0.15092576903525945,"upper_bound":0.21920925787462076},"point_estimate":0.17911266314913843,"standard_error":0.018105749717126196}}