{"mean":{"confidence_interval":{"confidence_level":0.95,"lower_bound":-0.863456229499055,"upper_bound":-0.8606657290631707},"point_estimate":-0.8620097577660885,"standard_error":0.0006937685103894903},"median":{"confidence_interval":{"confidence_level":0.95,"lower_bound":-0.8641322323258895,"upper_bound":-0.8621298105359678},"point_estimate":-0.8630932567681673,"standard_error":0.0005169142361287862}}