{"mean":{"confidence_interval":{"confidence_level":0.95,"lower_bound":0.12624337962072626,"upper_bound":0.19599949582015874},"point_estimate":0.14801886945435894,"standard_error":0.01567125016683139},"median":{"confidence_interval":{"confidence_level":0.95,"lower_bound":0.12285297044601795,"upper_bound":0.14410183532990306},"point_estimate":0.13225394000003332,"standard_error":0.005529729733519883}}