{"mean":{"confidence_interval":{"confidence_level":0.95,"lower_bound":6334749.72475,"upper_bound":6544147.6707500005},"point_estimate":6431245.81,"standard_error":53003.00091082779},"median":{"confidence_interval":{"confidence_level":0.95,"lower_bound":6209930.0,"upper_bound":6402193.5},"point_estimate":6295885.5,"standard_error":53217.89790549767},"median_abs_dev":{"confidence_interval":{"confidence_level":0.95,"lower_bound":226920.098803863,"upper_bound":439177.2468030453},"point_estimate":334646.53565883636,"standard_error":55917.267358349585},"slope":null,"std_dev":{"confidence_interval":{"confidence_level":0.95,"lower_bound":350065.09433883306,"upper_bound":713329.8904144759},"point_estimate":533279.4370369423,"standard_error":93030.89802282387}}