{"mean":{"confidence_interval":{"confidence_level":0.95,"lower_bound":7359407.1702499995,"upper_bound":7942827.19475},"point_estimate":7620214.89,"standard_error":150267.0442207156},"median":{"confidence_interval":{"confidence_level":0.95,"lower_bound":7232273.0,"upper_bound":7544687.0},"point_estimate":7323777.0,"standard_error":91686.45701376622},"median_abs_dev":{"confidence_interval":{"confidence_level":0.95,"lower_bound":511594.1012173891,"upper_bound":799312.1408318728},"point_estimate":660379.680275917,"standard_error":76205.55562353408},"slope":null,"std_dev":{"confidence_interval":{"confidence_level":0.95,"lower_bound":653787.013633467,"upper_bound":2237788.821805214},"point_estimate":1512379.116647727,"standard_error":419843.5761796271}}