{"mean":{"confidence_interval":{"confidence_level":0.95,"lower_bound":-0.2531096753368722,"upper_bound":0.12664483130146278},"point_estimate":-0.10175509182983977,"standard_error":0.09749725581977264},"median":{"confidence_interval":{"confidence_level":0.95,"lower_bound":-0.3736018936481622,"upper_bound":0.9896995088009611},"point_estimate":-0.30073577055379885,"standard_error":0.2557441215563068}}