{"mean":{"confidence_interval":{"confidence_level":0.95,"lower_bound":-0.015013312737463109,"upper_bound":0.5053589218512795},"point_estimate":0.1986814082678683,"standard_error":0.13428665790728384},"median":{"confidence_interval":{"confidence_level":0.95,"lower_bound":-0.22591958914102445,"upper_bound":1.637733941440355},"point_estimate":-0.0764752221074202,"standard_error":0.348454268798905}}