{"mean":{"confidence_interval":{"confidence_level":0.95,"lower_bound":15169600.273875,"upper_bound":15505409.0345625},"point_estimate":15331099.23,"standard_error":85506.49140377433},"median":{"confidence_interval":{"confidence_level":0.95,"lower_bound":15125247.625,"upper_bound":15401960.0},"point_estimate":15225014.5,"standard_error":72796.2055984031},"median_abs_dev":{"confidence_interval":{"confidence_level":0.95,"lower_bound":443574.18891185895,"upper_bound":750145.3636072575},"point_estimate":603241.5745653212,"standard_error":82072.29893761975},"slope":null,"std_dev":{"confidence_interval":{"confidence_level":0.95,"lower_bound":605303.4039852812,"upper_bound":1129735.0488128315},"point_estimate":864240.863420763,"standard_error":137278.4883638932}}