{"mean":{"confidence_interval":{"confidence_level":0.95,"lower_bound":13298993.394000001,"upper_bound":13873258.413999997},"point_estimate":13524345.2,"standard_error":151920.88903849115},"median":{"confidence_interval":{"confidence_level":0.95,"lower_bound":13233854.333333334,"upper_bound":13465257.666666666},"point_estimate":13384423.333333334,"standard_error":58483.88529196704},"median_abs_dev":{"confidence_interval":{"confidence_level":0.95,"lower_bound":116682.10052847862,"upper_bound":415874.72881674673},"point_estimate":314117.96222329326,"standard_error":84578.02138992907},"slope":null,"std_dev":{"confidence_interval":{"confidence_level":0.95,"lower_bound":202139.96120275976,"upper_bound":1259769.2309136651},"point_estimate":779110.5233849296,"standard_error":346000.136325992}}