{"mean":{"confidence_interval":{"confidence_level":0.95,"lower_bound":-0.008872391509687952,"upper_bound":0.016750379637789223},"point_estimate":0.0026284508094194248,"standard_error":0.006966389443020903},"median":{"confidence_interval":{"confidence_level":0.95,"lower_bound":-0.018839926750649886,"upper_bound":-0.0039039248626373535},"point_estimate":-0.008986782474793231,"standard_error":0.003976916747162354}}