{"mean":{"confidence_interval":{"confidence_level":0.95,"lower_bound":-0.9887035318103825,"upper_bound":-0.9884135981751087},"point_estimate":-0.988578844077007,"standard_error":0.00007224619212150428},"median":{"confidence_interval":{"confidence_level":0.95,"lower_bound":-0.9886930877481129,"upper_bound":-0.9885622689439183},"point_estimate":-0.9886240764211784,"standard_error":0.00003725290336858711}}