{"mean":{"confidence_interval":{"confidence_level":0.95,"lower_bound":-0.9567607980618992,"upper_bound":-0.9545518910599362},"point_estimate":-0.955603781250254,"standard_error":0.0006035548211799913},"median":{"confidence_interval":{"confidence_level":0.95,"lower_bound":-0.9570233398092313,"upper_bound":-0.9554228710252047},"point_estimate":-0.9561730145012343,"standard_error":0.00042532000940153416}}