{"mean":{"confidence_interval":{"confidence_level":0.95,"lower_bound":0.01650872734788482,"upper_bound":0.054662833242420265},"point_estimate":0.03109814152567436,"standard_error":0.009215410039250936},"median":{"confidence_interval":{"confidence_level":0.95,"lower_bound":-0.00654464573727076,"upper_bound":0.036040506582518006},"point_estimate":0.013972696984223987,"standard_error":0.012744866585805072}}