{"mean":{"confidence_interval":{"confidence_level":0.95,"lower_bound":14422282.8325,"upper_bound":16106008.477999998},"point_estimate":15213752.7,"standard_error":433926.2641379016},"median":{"confidence_interval":{"confidence_level":0.95,"lower_bound":14576950.0,"upper_bound":15207417.0},"point_estimate":14703353.5,"standard_error":138995.93698896476},"median_abs_dev":{"confidence_interval":{"confidence_level":0.95,"lower_bound":158941.38887822628,"upper_bound":1209167.767032981},"point_estimate":747324.5318323374,"standard_error":264526.24277393107},"slope":null,"std_dev":{"confidence_interval":{"confidence_level":0.95,"lower_bound":756987.3120834362,"upper_bound":2974915.6105425777},"point_estimate":2146682.8967035543,"standard_error":570148.860233013}}