{"mean":{"confidence_interval":{"confidence_level":0.95,"lower_bound":15851033.4605,"upper_bound":16992445.51025},"point_estimate":16459226.37,"standard_error":289316.66044794314},"median":{"confidence_interval":{"confidence_level":0.95,"lower_bound":16480744.5,"upper_bound":17029540.25},"point_estimate":16824960.0,"standard_error":145677.59469507143},"median_abs_dev":{"confidence_interval":{"confidence_level":0.95,"lower_bound":954392.2278061509,"upper_bound":1812117.0840784907},"point_estimate":1366869.702333212,"standard_error":204629.32978557408},"slope":null,"std_dev":{"confidence_interval":{"confidence_level":0.95,"lower_bound":1916321.4447850815,"upper_bound":3684955.1778769284},"point_estimate":2879958.7613077494,"standard_error":453634.61055904086}}