{"mean":{"confidence_interval":{"confidence_level":0.95,"lower_bound":18458678.67475,"upper_bound":19565438.168250002},"point_estimate":19039682.37,"standard_error":280107.96357461094},"median":{"confidence_interval":{"confidence_level":0.95,"lower_bound":18792197.0,"upper_bound":19222026.5},"point_estimate":18950858.5,"standard_error":108703.18375099481},"median_abs_dev":{"confidence_interval":{"confidence_level":0.95,"lower_bound":759736.1175119877,"upper_bound":1350443.9772248268},"point_estimate":1013279.2455106974,"standard_error":158183.54110437387},"slope":null,"std_dev":{"confidence_interval":{"confidence_level":0.95,"lower_bound":1647041.9506466947,"upper_bound":3796116.3793053855},"point_estimate":2830988.9470662805,"standard_error":565908.546828245}}