{"mean":{"confidence_interval":{"confidence_level":0.95,"lower_bound":0.13578245738018418,"upper_bound":0.1733984000426394},"point_estimate":0.15699773402239914,"standard_error":0.009603295292320659},"median":{"confidence_interval":{"confidence_level":0.95,"lower_bound":0.13078371796348587,"upper_bound":0.1942330574209341},"point_estimate":0.16951009001820316,"standard_error":0.016340087029225066}}