{"mean":{"confidence_interval":{"confidence_level":0.95,"lower_bound":-0.9326582285609007,"upper_bound":-0.9244737598472794},"point_estimate":-0.9286990284291691,"standard_error":0.002125258743724307},"median":{"confidence_interval":{"confidence_level":0.95,"lower_bound":-0.9381936918010391,"upper_bound":-0.9291642559542669},"point_estimate":-0.9336840086811067,"standard_error":0.002311684343246121}}