{"mean":{"confidence_interval":{"confidence_level":0.95,"lower_bound":390314.36325,"upper_bound":400635.7475},"point_estimate":395417.1,"standard_error":2636.4822949396416},"median":{"confidence_interval":{"confidence_level":0.95,"lower_bound":389168.0,"upper_bound":396193.125},"point_estimate":394180.625,"standard_error":2316.6605409897666},"median_abs_dev":{"confidence_interval":{"confidence_level":0.95,"lower_bound":4836.982414126396,"upper_bound":16401.4475338161},"point_estimate":8562.20017299056,"standard_error":3038.250592020956},"slope":null,"std_dev":{"confidence_interval":{"confidence_level":0.95,"lower_bound":8101.421705498041,"upper_bound":17868.41534056789},"point_estimate":13510.333616954329,"standard_error":2473.3918379451097}}