{"mean":{"confidence_interval":{"confidence_level":0.95,"lower_bound":13706293.31266667,"upper_bound":14178534.606333334},"point_estimate":13913956.853333335,"standard_error":121486.72656594354},"median":{"confidence_interval":{"confidence_level":0.95,"lower_bound":13715554.333333334,"upper_bound":13907959.333333334},"point_estimate":13795023.0,"standard_error":48005.651414416156},"median_abs_dev":{"confidence_interval":{"confidence_level":0.95,"lower_bound":101609.98919606209,"upper_bound":382718.35720539093},"point_estimate":227140.24636745453,"standard_error":73007.56098357272},"slope":null,"std_dev":{"confidence_interval":{"confidence_level":0.95,"lower_bound":223949.0988244569,"upper_bound":926239.9749145032},"point_estimate":622226.2326340805,"standard_error":193020.53475571767}}