{"mean":{"confidence_interval":{"confidence_level":0.95,"lower_bound":399772.28565778706,"upper_bound":411536.41265163943},"point_estimate":405545.38344262296,"standard_error":2998.965139986073},"median":{"confidence_interval":{"confidence_level":0.95,"lower_bound":400011.52459016396,"upper_bound":408418.39344262297},"point_estimate":405755.15573770495,"standard_error":2225.625992711937},"median_abs_dev":{"confidence_interval":{"confidence_level":0.95,"lower_bound":19056.94465103637,"upper_bound":39917.36051933749},"point_estimate":29791.16943175679,"standard_error":5190.748625151743},"slope":null,"std_dev":{"confidence_interval":{"confidence_level":0.95,"lower_bound":24722.777535662757,"upper_bound":35324.10508877857},"point_estimate":30292.48844402792,"standard_error":2711.890624101461}}