{"mean":{"confidence_interval":{"confidence_level":0.95,"lower_bound":754439.6401428573,"upper_bound":814820.6801428571},"point_estimate":784762.5714285715,"standard_error":15470.511653086058},"median":{"confidence_interval":{"confidence_level":0.95,"lower_bound":730467.4285714285,"upper_bound":852326.4285714285},"point_estimate":740882.0,"standard_error":51167.61048382691},"median_abs_dev":{"confidence_interval":{"confidence_level":0.95,"lower_bound":24950.46315704076,"upper_bound":105668.28892401299},"point_estimate":100881.82080898968,"standard_error":23147.616798886895},"slope":null,"std_dev":{"confidence_interval":{"confidence_level":0.95,"lower_bound":66127.46070823478,"upper_bound":85978.66642325115},"point_estimate":78366.18272740675,"standard_error":5072.842548546537}}