{"mean":{"confidence_interval":{"confidence_level":0.95,"lower_bound":1866655.4634999998,"upper_bound":2190927.00775},"point_estimate":2017059.71,"standard_error":81913.37210451666},"median":{"confidence_interval":{"confidence_level":0.95,"lower_bound":1801773.0,"upper_bound":2092227.0},"point_estimate":1887374.0,"standard_error":83826.06051774263},"median_abs_dev":{"confidence_interval":{"confidence_level":0.95,"lower_bound":205688.88726454237,"upper_bound":487613.39876063156},"point_estimate":329401.83825194836,"standard_error":75167.80892566603},"slope":null,"std_dev":{"confidence_interval":{"confidence_level":0.95,"lower_bound":369088.1410671051,"upper_bound":782696.1833259409},"point_estimate":570436.9467348915,"standard_error":107959.71778613773}}