{"mean":{"confidence_interval":{"confidence_level":0.95,"lower_bound":516263.89366666664,"upper_bound":535896.3123333335},"point_estimate":526093.0533333335,"standard_error":5044.744051465408},"median":{"confidence_interval":{"confidence_level":0.95,"lower_bound":512719.0,"upper_bound":537153.3333333334},"point_estimate":527353.3333333334,"standard_error":7097.619357142195},"median_abs_dev":{"confidence_interval":{"confidence_level":0.95,"lower_bound":14134.61394906047,"upper_bound":41909.641855955066},"point_estimate":27082.653719186783,"standard_error":6773.498770349025},"slope":null,"std_dev":{"confidence_interval":{"confidence_level":0.95,"lower_bound":19388.81117741739,"upper_bound":30492.81287867192},"point_estimate":25455.829029888013,"standard_error":2830.218686072314}}