{"mean":{"confidence_interval":{"confidence_level":0.95,"lower_bound":513801.9513333332,"upper_bound":531953.2789999999},"point_estimate":522731.45333333337,"standard_error":4651.08658560695},"median":{"confidence_interval":{"confidence_level":0.95,"lower_bound":508340.6666666667,"upper_bound":534207.6666666666},"point_estimate":522974.0,"standard_error":7083.120205462202},"median_abs_dev":{"confidence_interval":{"confidence_level":0.95,"lower_bound":13640.413957834302,"upper_bound":39141.13350510594},"point_estimate":26539.033728837938,"standard_error":6902.858550588113},"slope":null,"std_dev":{"confidence_interval":{"confidence_level":0.95,"lower_bound":17890.972480744098,"upper_bound":27706.71150664721},"point_estimate":23694.50814767,"standard_error":2492.087672269301}}