{"mean":{"confidence_interval":{"confidence_level":0.95,"lower_bound":779862.2179591837,"upper_bound":797685.3228367345},"point_estimate":787669.8448979594,"standard_error":4636.173547335058},"median":{"confidence_interval":{"confidence_level":0.95,"lower_bound":776504.8571428572,"upper_bound":785290.7142857143},"point_estimate":782072.306122449,"standard_error":2559.6161632032245},"median_abs_dev":{"confidence_interval":{"confidence_level":0.95,"lower_bound":5504.167530853095,"upper_bound":20272.557668661597},"point_estimate":9237.656835998858,"standard_error":4062.8188781121703},"slope":null,"std_dev":{"confidence_interval":{"confidence_level":0.95,"lower_bound":9201.929074307407,"upper_bound":33806.1064904776},"point_estimate":23350.059445446663,"standard_error":6554.348136090061}}