{"mean":{"confidence_interval":{"confidence_level":0.95,"lower_bound":771192.1760000001,"upper_bound":1037692.781},"point_estimate":879766.28,"standard_error":67513.37804191234},"median":{"confidence_interval":{"confidence_level":0.95,"lower_bound":742960.0,"upper_bound":813265.0},"point_estimate":747160.0,"standard_error":18470.121529912696},"median_abs_dev":{"confidence_interval":{"confidence_level":0.95,"lower_bound":8728.807345032708,"upper_bound":106459.57370996475},"point_estimate":29060.44208407402,"standard_error":25453.265292202504},"slope":null,"std_dev":{"confidence_interval":{"confidence_level":0.95,"lower_bound":60254.82053344465,"upper_bound":513372.1725719054},"point_estimate":334364.3854947672,"standard_error":125023.60552586112}}