{"mean":{"confidence_interval":{"confidence_level":0.95,"lower_bound":935840.1795000001,"upper_bound":1319262.3705},"point_estimate":1074499.42,"standard_error":112040.24385488206},"median":{"confidence_interval":{"confidence_level":0.95,"lower_bound":903526.7625000001,"upper_bound":924342.0},"point_estimate":911541.0,"standard_error":5466.638821846965},"median_abs_dev":{"confidence_interval":{"confidence_level":0.95,"lower_bound":51076.310393214226,"upper_bound":78433.24510753155},"point_estimate":63235.85407733917,"standard_error":7157.629578436833},"slope":null,"std_dev":{"confidence_interval":{"confidence_level":0.95,"lower_bound":113378.93153784567,"upper_bound":1939511.8997088857},"point_estimate":1140419.5196151352,"standard_error":628365.6216521165}}