{"mean":{"confidence_interval":{"confidence_level":0.95,"lower_bound":929316.9650000001,"upper_bound":973099.6742499999},"point_estimate":947734.3,"standard_error":11274.625283884596},"median":{"confidence_interval":{"confidence_level":0.95,"lower_bound":918163.0,"upper_bound":930964.0},"point_estimate":924563.5,"standard_error":3137.590378590495},"median_abs_dev":{"confidence_interval":{"confidence_level":0.95,"lower_bound":21648.183515667915,"upper_bound":36918.96324455738},"point_estimate":28541.532093286514,"standard_error":3940.732318541075},"slope":null,"std_dev":{"confidence_interval":{"confidence_level":0.95,"lower_bound":42327.523474552356,"upper_bound":176653.82281430063},"point_estimate":113184.56277735501,"standard_error":37685.687633641886}}