{"mean":{"confidence_interval":{"confidence_level":0.95,"lower_bound":731322.9325477943,"upper_bound":763393.3324595592},"point_estimate":743449.9714705885,"standard_error":8556.761167557503},"median":{"confidence_interval":{"confidence_level":0.95,"lower_bound":721523.8823529412,"upper_bound":730175.6838235294},"point_estimate":724555.6176470588,"standard_error":2101.1255759709375},"median_abs_dev":{"confidence_interval":{"confidence_level":0.95,"lower_bound":10169.349445928587,"upper_bound":19577.75445536655},"point_estimate":15016.42662164045,"standard_error":2492.377043117381},"slope":null,"std_dev":{"confidence_interval":{"confidence_level":0.95,"lower_bound":22162.98006674181,"upper_bound":141812.14940735203},"point_estimate":85621.55992601228,"standard_error":39614.91411019302}}