{"mean":{"confidence_interval":{"confidence_level":0.95,"lower_bound":739631.3139433962,"upper_bound":742696.9237547168},"point_estimate":741070.3675471698,"standard_error":778.2540172801747},"median":{"confidence_interval":{"confidence_level":0.95,"lower_bound":738474.641509434,"upper_bound":742733.1886792453},"point_estimate":740038.8113207547,"standard_error":820.8710483558453},"median_abs_dev":{"confidence_interval":{"confidence_level":0.95,"lower_bound":1518.9936069947435,"upper_bound":4814.337797547283},"point_estimate":3289.7494736707304,"standard_error":854.0670771501108},"slope":null,"std_dev":{"confidence_interval":{"confidence_level":0.95,"lower_bound":2257.996993541176,"upper_bound":5273.183612402742},"point_estimate":3947.395813132171,"standard_error":790.050437686216}}