{"mean":{"confidence_interval":{"confidence_level":0.95,"lower_bound":815873.1680000001,"upper_bound":891929.192},"point_estimate":851451.84,"standard_error":19401.669157155964},"median":{"confidence_interval":{"confidence_level":0.95,"lower_bound":781808.0,"upper_bound":847810.0},"point_estimate":810659.5,"standard_error":18285.430952136823},"median_abs_dev":{"confidence_interval":{"confidence_level":0.95,"lower_bound":49431.75490491094,"upper_bound":125147.74637818335},"point_estimate":74056.60998523235,"standard_error":19105.41722312475},"slope":null,"std_dev":{"confidence_interval":{"confidence_level":0.95,"lower_bound":94902.34430204476,"upper_bound":171448.08249858618},"point_estimate":138324.20855918498,"standard_error":19724.958830803705}}