{"mean":{"confidence_interval":{"confidence_level":0.95,"lower_bound":2889149.7457142854,"upper_bound":2936461.1484285714},"point_estimate":2906708.9628571435,"standard_error":13590.779872060546},"median":{"confidence_interval":{"confidence_level":0.95,"lower_bound":2884540.9285714286,"upper_bound":2895212.5},"point_estimate":2892091.0714285714,"standard_error":2601.8293845458015},"median_abs_dev":{"confidence_interval":{"confidence_level":0.95,"lower_bound":4627.829917839694,"upper_bound":17145.42149560802},"point_estimate":11193.841601269389,"standard_error":3180.4557071696026},"slope":null,"std_dev":{"confidence_interval":{"confidence_level":0.95,"lower_bound":8510.619886489689,"upper_bound":116340.22290045714},"point_estimate":70553.50438679343,"standard_error":36847.931730738186}}