{"mean":{"confidence_interval":{"confidence_level":0.95,"lower_bound":11496391.64425,"upper_bound":11535065.61975},"point_estimate":11512606.48,"standard_error":9977.46327254115},"median":{"confidence_interval":{"confidence_level":0.95,"lower_bound":11489197.0,"upper_bound":11520697.75},"point_estimate":11502847.25,"standard_error":8524.712578532522},"median_abs_dev":{"confidence_interval":{"confidence_level":0.95,"lower_bound":15382.34537690878,"upper_bound":44553.241159021854},"point_estimate":26687.54082620144,"standard_error":7149.608739682115},"slope":null,"std_dev":{"confidence_interval":{"confidence_level":0.95,"lower_bound":20872.587309807448,"upper_bound":79192.38124818556},"point_estimate":50996.39339851235,"standard_error":18070.51069112007}}