{"mean":{"confidence_interval":{"confidence_level":0.95,"lower_bound":106482.46534391056,"upper_bound":108994.98461712981},"point_estimate":107603.2985559557,"standard_error":649.1491946208564},"median":{"confidence_interval":{"confidence_level":0.95,"lower_bound":105789.94146341464,"upper_bound":106945.21369047619},"point_estimate":106366.25177436441,"standard_error":376.82777028830674},"median_abs_dev":{"confidence_interval":{"confidence_level":0.95,"lower_bound":1484.8657041383583,"upper_bound":2805.4746525315722},"point_estimate":2031.6947182426065,"standard_error":360.87381248121056},"slope":{"confidence_interval":{"confidence_level":0.95,"lower_bound":104665.53421249584,"upper_bound":107823.78570867956},"point_estimate":106316.8852386582,"standard_error":800.4170833221009},"std_dev":{"confidence_interval":{"confidence_level":0.95,"lower_bound":3107.320937690371,"upper_bound":9809.254866825826},"point_estimate":6536.068841175502,"standard_error":1859.4534560302136}}