{"mean":{"confidence_interval":{"confidence_level":0.95,"lower_bound":33156869.2,"upper_bound":40009285.291},"point_estimate":36622980.48,"standard_error":1744594.5660939494},"median":{"confidence_interval":{"confidence_level":0.95,"lower_bound":31710550.5,"upper_bound":42147049.0},"point_estimate":37145577.5,"standard_error":2119007.4431401193},"median_abs_dev":{"confidence_interval":{"confidence_level":0.95,"lower_bound":6015068.214011192,"upper_bound":15554845.142546296},"point_estimate":9117897.916924953,"standard_error":2447202.5931389634},"slope":null,"std_dev":{"confidence_interval":{"confidence_level":0.95,"lower_bound":6736408.912741241,"upper_bound":10416926.262892868},"point_estimate":8872760.10475476,"standard_error":949048.6501757249}}