{"mean":{"confidence_interval":{"confidence_level":0.95,"lower_bound":34871943.407875,"upper_bound":38350806.798999995},"point_estimate":36575336.3,"standard_error":888656.9801372561},"median":{"confidence_interval":{"confidence_level":0.95,"lower_bound":34208354.5,"upper_bound":39229399.0},"point_estimate":36109356.75,"standard_error":1856440.9155013561},"median_abs_dev":{"confidence_interval":{"confidence_level":0.95,"lower_bound":6276499.515169859,"upper_bound":10942643.046279252},"point_estimate":8838834.42492932,"standard_error":1078832.9014683263},"slope":null,"std_dev":{"confidence_interval":{"confidence_level":0.95,"lower_bound":7591684.333160425,"upper_bound":10322051.590656057},"point_estimate":8973522.869300881,"standard_error":703291.960917671}}