{"mean":{"confidence_interval":{"confidence_level":0.95,"lower_bound":49015848.1155,"upper_bound":56791301.595},"point_estimate":53138998.7,"standard_error":1993239.3030554096},"median":{"confidence_interval":{"confidence_level":0.95,"lower_bound":48505796.5,"upper_bound":61149540.0},"point_estimate":53602322.5,"standard_error":3221339.305017062},"median_abs_dev":{"confidence_interval":{"confidence_level":0.95,"lower_bound":9732242.534433156,"upper_bound":20464717.842323627},"point_estimate":14041539.782112837,"standard_error":2862918.5289953942},"slope":null,"std_dev":{"confidence_interval":{"confidence_level":0.95,"lower_bound":11606289.87962467,"upper_bound":16440834.001727367},"point_estimate":14237881.65622267,"standard_error":1243887.6837458615}}