{"mean":{"confidence_interval":{"confidence_level":0.95,"lower_bound":11551642.624900004,"upper_bound":11953540.070100004},"point_estimate":11718495.215999998,"standard_error":104140.05827163592},"median":{"confidence_interval":{"confidence_level":0.95,"lower_bound":11392278.0,"upper_bound":11625728.8},"point_estimate":11481882.1,"standard_error":54464.60465636115},"median_abs_dev":{"confidence_interval":{"confidence_level":0.95,"lower_bound":271965.767011643,"upper_bound":480581.6643014704},"point_estimate":366381.7363554234,"standard_error":51405.30483882567},"slope":null,"std_dev":{"confidence_interval":{"confidence_level":0.95,"lower_bound":359082.9784603758,"upper_bound":1698370.8765616086},"point_estimate":1055393.140092156,"standard_error":408123.23615177325}}