{"mean":{"confidence_interval":{"confidence_level":0.95,"lower_bound":11771635.731499998,"upper_bound":12280332.10235},"point_estimate":11988294.306,"standard_error":131946.87183713916},"median":{"confidence_interval":{"confidence_level":0.95,"lower_bound":11500403.0,"upper_bound":12002025.3},"point_estimate":11772984.5,"standard_error":135529.02569223053},"median_abs_dev":{"confidence_interval":{"confidence_level":0.95,"lower_bound":497017.041135683,"upper_bound":849464.6987789877},"point_estimate":695727.3840683701,"standard_error":97443.25348276983},"slope":null,"std_dev":{"confidence_interval":{"confidence_level":0.95,"lower_bound":541837.0802040915,"upper_bound":2076883.2359206418},"point_estimate":1333130.3278613053,"standard_error":446283.3671805876}}