{"mean":{"confidence_interval":{"confidence_level":0.95,"lower_bound":10950719.1105,"upper_bound":12430620.990249999},"point_estimate":11575142.83,"standard_error":383928.26157729},"median":{"confidence_interval":{"confidence_level":0.95,"lower_bound":10786403.5,"upper_bound":10849180.0},"point_estimate":10805928.75,"standard_error":49815.05709505555},"median_abs_dev":{"confidence_interval":{"confidence_level":0.95,"lower_bound":26984.431470930576,"upper_bound":183439.12954330444},"point_estimate":69683.68136286736,"standard_error":76514.34508397835},"slope":null,"std_dev":{"confidence_interval":{"confidence_level":0.95,"lower_bound":425868.3701169853,"upper_bound":2928352.8184300708},"point_estimate":1936066.7676193507,"standard_error":681158.5847164815}}