{"mean":{"confidence_interval":{"confidence_level":0.95,"lower_bound":11493744.4845,"upper_bound":11599560.1705},"point_estimate":11536571.64,"standard_error":28191.338592928703},"median":{"confidence_interval":{"confidence_level":0.95,"lower_bound":11472387.75,"upper_bound":11539088.75},"point_estimate":11497688.0,"standard_error":14997.231494741589},"median_abs_dev":{"confidence_interval":{"confidence_level":0.95,"lower_bound":22721.215246617794,"upper_bound":79895.64465656849},"point_estimate":48555.519787967205,"standard_error":15583.08076337009},"slope":null,"std_dev":{"confidence_interval":{"confidence_level":0.95,"lower_bound":41505.85862639631,"upper_bound":230047.59151821805},"point_estimate":144195.4547034178,"standard_error":60728.67929216522}}