{"mean":{"confidence_interval":{"confidence_level":0.95,"lower_bound":-0.9909705214073736,"upper_bound":-0.9908249100734859},"point_estimate":-0.990896503774026,"standard_error":0.00003747426707362437},"median":{"confidence_interval":{"confidence_level":0.95,"lower_bound":-0.9910101714329957,"upper_bound":-0.9908888347749745},"point_estimate":-0.9909412072598096,"standard_error":0.000028087448437335392}}