{"mean":{"confidence_interval":{"confidence_level":0.95,"lower_bound":0.023512555076542714,"upper_bound":0.06460406015210715},"point_estimate":0.043445487690335405,"standard_error":0.01071959901275143},"median":{"confidence_interval":{"confidence_level":0.95,"lower_bound":0.004537585083860929,"upper_bound":0.046081254899224655},"point_estimate":0.02650597913490671,"standard_error":0.011055074446525873}}