{"mean":{"confidence_interval":{"confidence_level":0.95,"lower_bound":2895296.023485294,"upper_bound":2961035.034720587},"point_estimate":2924294.3005882357,"standard_error":16799.930194070195},"median":{"confidence_interval":{"confidence_level":0.95,"lower_bound":2854238.6470588236,"upper_bound":2890693.1470588236},"point_estimate":2861830.117647059,"standard_error":11116.346409868194},"median_abs_dev":{"confidence_interval":{"confidence_level":0.95,"lower_bound":44544.80342093659,"upper_bound":104174.49469759245},"point_estimate":65285.06887625239,"standard_error":16357.809092338126},"slope":null,"std_dev":{"confidence_interval":{"confidence_level":0.95,"lower_bound":90301.79500852886,"upper_bound":240770.1213080734},"point_estimate":165533.84119204216,"standard_error":40041.40746386485}}