{"mean":{"confidence_interval":{"confidence_level":0.95,"lower_bound":4674653.3365,"upper_bound":4765368.039499997},"point_estimate":4717436.487999999,"standard_error":23322.296614632036},"median":{"confidence_interval":{"confidence_level":0.95,"lower_bound":4684284.9,"upper_bound":4720115.2},"point_estimate":4703635.2,"standard_error":10373.943430007717},"median_abs_dev":{"confidence_interval":{"confidence_level":0.95,"lower_bound":37776.94384932546,"upper_bound":95124.80039119693},"point_estimate":69505.02806603909,"standard_error":14843.64329686309},"slope":null,"std_dev":{"confidence_interval":{"confidence_level":0.95,"lower_bound":105715.93800813901,"upper_bound":214509.89594671095},"point_estimate":165738.8175912843,"standard_error":27857.090519104604}}