{"mean":{"confidence_interval":{"confidence_level":0.95,"lower_bound":3480538.984375,"upper_bound":3678700.434875},"point_estimate":3575693.4,"standard_error":51149.3284081038},"median":{"confidence_interval":{"confidence_level":0.95,"lower_bound":3453355.5,"upper_bound":3598486.75},"point_estimate":3522308.5,"standard_error":38261.39167330729},"median_abs_dev":{"confidence_interval":{"confidence_level":0.95,"lower_bound":249755.8170996979,"upper_bound":497100.5930572003},"point_estimate":394463.5141968727,"standard_error":66019.9055865345},"slope":null,"std_dev":{"confidence_interval":{"confidence_level":0.95,"lower_bound":367579.26132383646,"upper_bound":645200.0423969363},"point_estimate":514040.98244270054,"standard_error":70974.33018928341}}