{"mean":{"confidence_interval":{"confidence_level":0.95,"lower_bound":3212103.63725,"upper_bound":3484535.006},"point_estimate":3331831.01,"standard_error":69678.66038672853},"median":{"confidence_interval":{"confidence_level":0.95,"lower_bound":3088213.25,"upper_bound":3282076.5},"point_estimate":3208421.75,"standard_error":53324.882309571134},"median_abs_dev":{"confidence_interval":{"confidence_level":0.95,"lower_bound":254876.72667503357,"upper_bound":441858.519589193},"point_estimate":333533.47372859716,"standard_error":46248.42167195141},"slope":null,"std_dev":{"confidence_interval":{"confidence_level":0.95,"lower_bound":372263.49221736426,"upper_bound":1052118.7687041103},"point_estimate":709619.8670774802,"standard_error":193888.44871020628}}