{"mean":{"confidence_interval":{"confidence_level":0.95,"lower_bound":2700754.983666667,"upper_bound":3026962.720666667},"point_estimate":2856002.173333334,"standard_error":82915.41410760958},"median":{"confidence_interval":{"confidence_level":0.95,"lower_bound":2593615.3333333335,"upper_bound":2916725.3333333335},"point_estimate":2683218.0,"standard_error":64725.43136390273},"median_abs_dev":{"confidence_interval":{"confidence_level":0.95,"lower_bound":108112.9444906118,"upper_bound":435502.86986827897},"point_estimate":241276.34291648841,"standard_error":90612.46533357614},"slope":null,"std_dev":{"confidence_interval":{"confidence_level":0.95,"lower_bound":238581.00831807766,"upper_bound":562778.8729867982},"point_estimate":435032.21103864,"standard_error":82954.15236152596}}