{"mean":{"confidence_interval":{"confidence_level":0.95,"lower_bound":2782017.375,"upper_bound":3283017.8975},"point_estimate":3044486.04,"standard_error":125792.15457316319},"median":{"confidence_interval":{"confidence_level":0.95,"lower_bound":2778754.0,"upper_bound":3434578.5},"point_estimate":3119781.0,"standard_error":155871.43581681422},"median_abs_dev":{"confidence_interval":{"confidence_level":0.95,"lower_bound":372438.75028789043,"upper_bound":963780.4214894772},"point_estimate":601432.2466224432,"standard_error":136773.6307985404},"slope":null,"std_dev":{"confidence_interval":{"confidence_level":0.95,"lower_bound":452804.16466218804,"upper_bound":797806.7716953335},"point_estimate":648966.8921600817,"standard_error":89386.39734506879}}