{"mean":{"confidence_interval":{"confidence_level":0.95,"lower_bound":5264900.967,"upper_bound":6109433.700499999},"point_estimate":5686030.38,"standard_error":217839.03639709673},"median":{"confidence_interval":{"confidence_level":0.95,"lower_bound":5400213.5,"upper_bound":6102772.0},"point_estimate":5750016.5,"standard_error":193026.42911371982},"median_abs_dev":{"confidence_interval":{"confidence_level":0.95,"lower_bound":596450.6736458838,"upper_bound":1808003.0359440292},"point_estimate":1014925.6727814674,"standard_error":316551.18649723986},"slope":null,"std_dev":{"confidence_interval":{"confidence_level":0.95,"lower_bound":1115573.3112426605,"upper_bound":1954849.673574354},"point_estimate":1591100.154897591,"standard_error":217073.2807758411}}