{"mean":{"confidence_interval":{"confidence_level":0.95,"lower_bound":1841999.84,"upper_bound":2126798.4469999997},"point_estimate":1988484.24,"standard_error":73587.58392566994},"median":{"confidence_interval":{"confidence_level":0.95,"lower_bound":1822159.3333333333,"upper_bound":2210498.0},"point_estimate":2079996.3333333333,"standard_error":71433.04430380593},"median_abs_dev":{"confidence_interval":{"confidence_level":0.95,"lower_bound":128444.55451965309,"upper_bound":533990.9977197647},"point_estimate":340063.4617626668,"standard_error":113655.1171955715},"slope":null,"std_dev":{"confidence_interval":{"confidence_level":0.95,"lower_bound":252023.34798475646,"upper_bound":463351.0629160498},"point_estimate":379228.0849494423,"standard_error":53909.18918105765}}