{"mean":{"confidence_interval":{"confidence_level":0.95,"lower_bound":-0.8820303322505731,"upper_bound":-0.8777948081867495},"point_estimate":-0.8799488624373072,"standard_error":0.0010895176421005998},"median":{"confidence_interval":{"confidence_level":0.95,"lower_bound":-0.8836779569820544,"upper_bound":-0.8807462658936536},"point_estimate":-0.8818335122783832,"standard_error":0.0008122166218200559}}