{"mean":{"confidence_interval":{"confidence_level":0.95,"lower_bound":0.018637143901303572,"upper_bound":0.06579233021090627},"point_estimate":0.04263356811675645,"standard_error":0.012070898377965161},"median":{"confidence_interval":{"confidence_level":0.95,"lower_bound":-0.0005222768003034578,"upper_bound":0.024719038198861343},"point_estimate":0.015308681579640604,"standard_error":0.006823931014801348}}