{"mean":{"confidence_interval":{"confidence_level":0.95,"lower_bound":0.2002942294743125,"upper_bound":0.2750988874785798},"point_estimate":0.2344353652689506,"standard_error":0.01930091483691738},"median":{"confidence_interval":{"confidence_level":0.95,"lower_bound":0.18865661772383913,"upper_bound":0.2715079672482592},"point_estimate":0.23240213385664554,"standard_error":0.018583623147794277}}