{"mean":{"confidence_interval":{"confidence_level":0.95,"lower_bound":0.41133520540321183,"upper_bound":0.5247984574005233},"point_estimate":0.4702243893453799,"standard_error":0.02909399363204591},"median":{"confidence_interval":{"confidence_level":0.95,"lower_bound":0.3772634959432841,"upper_bound":0.4721996139567095},"point_estimate":0.42780568618506254,"standard_error":0.02257372341870276}}