{"mean":{"confidence_interval":{"confidence_level":0.95,"lower_bound":0.6627769507284179,"upper_bound":0.7771033147172162},"point_estimate":0.7008996157498264,"standard_error":0.028349232390721176},"median":{"confidence_interval":{"confidence_level":0.95,"lower_bound":0.6009861623583539,"upper_bound":0.6908848379191894},"point_estimate":0.6230781206828822,"standard_error":0.02422929076119252}}