{"mean":{"confidence_interval":{"confidence_level":0.95,"lower_bound":0.6806435159651022,"upper_bound":0.8856712244635031},"point_estimate":0.7743493283967429,"standard_error":0.05533419793842622},"median":{"confidence_interval":{"confidence_level":0.95,"lower_bound":0.628668881395515,"upper_bound":0.692347832758142},"point_estimate":0.6576641689073561,"standard_error":0.01633622025708169}}