{"mean":{"confidence_interval":{"confidence_level":0.95,"lower_bound":126767410.84075001,"upper_bound":146044897.58449998},"point_estimate":136370158.155,"standard_error":4916569.623856217},"median":{"confidence_interval":{"confidence_level":0.95,"lower_bound":115873303.0,"upper_bound":139731375.75},"point_estimate":127320228.0,"standard_error":5954313.414261495},"median_abs_dev":{"confidence_interval":{"confidence_level":0.95,"lower_bound":30295309.239050746,"upper_bound":65424633.09773058},"point_estimate":48702652.26805508,"standard_error":9156338.62408269},"slope":null,"std_dev":{"confidence_interval":{"confidence_level":0.95,"lower_bound":43403183.46546141,"upper_bound":54389816.88889343},"point_estimate":49297601.114380136,"standard_error":2798767.0000029635}}