{"mean":{"confidence_interval":{"confidence_level":0.95,"lower_bound":91823130.82800001,"upper_bound":135401215.56},"point_estimate":113766808.44,"standard_error":11191653.36634722},"median":{"confidence_interval":{"confidence_level":0.95,"lower_bound":47652577.0,"upper_bound":157573939.0},"point_estimate":137863359.0,"standard_error":21820080.104654174},"median_abs_dev":{"confidence_interval":{"confidence_level":0.95,"lower_bound":23490499.30796027,"upper_bound":86965806.6244483},"point_estimate":55358400.11519194,"standard_error":17717897.401874263},"slope":null,"std_dev":{"confidence_interval":{"confidence_level":0.95,"lower_bound":46137525.96178445,"upper_bound":63445618.8932096},"point_estimate":57550252.168288685,"standard_error":4446189.439494112}}