{"mean":{"confidence_interval":{"confidence_level":0.95,"lower_bound":133593712.6535,"upper_bound":176509843.762},"point_estimate":154806577.52,"standard_error":10269616.859493889},"median":{"confidence_interval":{"confidence_level":0.95,"lower_bound":160827882.46250004,"upper_bound":195657076.37499997},"point_estimate":177629418.5,"standard_error":11320663.603118565},"median_abs_dev":{"confidence_interval":{"confidence_level":0.95,"lower_bound":36384485.95404625,"upper_bound":125971790.58460613},"point_estimate":64707384.21831429,"standard_error":23157851.318666082},"slope":null,"std_dev":{"confidence_interval":{"confidence_level":0.95,"lower_bound":63771424.8331734,"upper_bound":80718635.70322214},"point_estimate":74409630.17528453,"standard_error":4484415.1471183775}}