{"mean":{"confidence_interval":{"confidence_level":0.95,"lower_bound":0.2778266200665368,"upper_bound":0.38624327438668393},"point_estimate":0.3256093717050941,"standard_error":0.02788892147800376},"median":{"confidence_interval":{"confidence_level":0.95,"lower_bound":0.24666043491905842,"upper_bound":0.38675231714191627},"point_estimate":0.3109626429772909,"standard_error":0.03071614694294217}}