{"mean":{"confidence_interval":{"confidence_level":0.95,"lower_bound":0.41736826135676997,"upper_bound":0.5265994591637528},"point_estimate":0.47276050946219383,"standard_error":0.027791473220412085},"median":{"confidence_interval":{"confidence_level":0.95,"lower_bound":0.3660117883658971,"upper_bound":0.5286780660082724},"point_estimate":0.44749552364368617,"standard_error":0.03494129960814764}}