{"mean":{"confidence_interval":{"confidence_level":0.95,"lower_bound":1289878.1603333335,"upper_bound":1375900.9543333335},"point_estimate":1331454.9333333333,"standard_error":22085.857132411864},"median":{"confidence_interval":{"confidence_level":0.95,"lower_bound":1260018.0,"upper_bound":1374386.3333333333},"point_estimate":1293118.3333333333,"standard_error":23892.272767089242},"median_abs_dev":{"confidence_interval":{"confidence_level":0.95,"lower_bound":36818.887746334076,"upper_bound":155181.268244982},"point_estimate":86288.30686807609,"standard_error":31171.506646762464},"slope":null,"std_dev":{"confidence_interval":{"confidence_level":0.95,"lower_bound":76433.77310564398,"upper_bound":139249.60257022144},"point_estimate":113560.17625866097,"standard_error":15872.326459898342}}