{"mean":{"confidence_interval":{"confidence_level":0.95,"lower_bound":-0.9837125739020167,"upper_bound":-0.982281900981645},"point_estimate":-0.9829742866267382,"standard_error":0.00036331796073349205},"median":{"confidence_interval":{"confidence_level":0.95,"lower_bound":-0.9839600132856444,"upper_bound":-0.9822780716778058},"point_estimate":-0.9825413514070045,"standard_error":0.0004798394831115634}}