{"mean":{"confidence_interval":{"confidence_level":0.95,"lower_bound":-0.09546006928226568,"upper_bound":-0.019479367987350005},"point_estimate":-0.055696003908122904,"standard_error":0.019486346113951558},"median":{"confidence_interval":{"confidence_level":0.95,"lower_bound":-0.10470664452033562,"upper_bound":-0.008688179837774368},"point_estimate":-0.02507006024601577,"standard_error":0.02747424791789521}}