{"mean":{"confidence_interval":{"confidence_level":0.95,"lower_bound":18832270.44825,"upper_bound":19379583.82475},"point_estimate":19068643.04,"standard_error":141858.72859350973},"median":{"confidence_interval":{"confidence_level":0.95,"lower_bound":18701870.0,"upper_bound":19138775.0},"point_estimate":18920947.0,"standard_error":114503.87241468346},"median_abs_dev":{"confidence_interval":{"confidence_level":0.95,"lower_bound":322837.9975184798,"upper_bound":654874.9626323953},"point_estimate":429551.0958239436,"standard_error":82972.05122334839},"slope":null,"std_dev":{"confidence_interval":{"confidence_level":0.95,"lower_bound":443640.0858936185,"upper_bound":1534617.8786947716},"point_estimate":1003334.9037618875,"standard_error":330201.73658361385}}