{"mean":{"confidence_interval":{"confidence_level":0.95,"lower_bound":8457865.644,"upper_bound":9389455.25},"point_estimate":8879718.31,"standard_error":244289.62741764812},"median":{"confidence_interval":{"confidence_level":0.95,"lower_bound":8241473.49375,"upper_bound":9059175.5},"point_estimate":8431943.5,"standard_error":152473.557162771},"median_abs_dev":{"confidence_interval":{"confidence_level":0.95,"lower_bound":263798.2720166445,"upper_bound":1104234.2056771724},"point_estimate":589574.7826829553,"standard_error":246691.22036810976},"slope":null,"std_dev":{"confidence_interval":{"confidence_level":0.95,"lower_bound":603372.5801667374,"upper_bound":1576349.992399546},"point_estimate":1200549.6515804692,"standard_error":252019.9914126959}}