{"mean":{"confidence_interval":{"confidence_level":0.95,"lower_bound":11954697.486416666,"upper_bound":12545681.113333337},"point_estimate":12208145.849999998,"standard_error":153358.21932646362},"median":{"confidence_interval":{"confidence_level":0.95,"lower_bound":11868436.333333334,"upper_bound":12179784.0},"point_estimate":12017576.666666666,"standard_error":73081.57655373977},"median_abs_dev":{"confidence_interval":{"confidence_level":0.95,"lower_bound":494670.23487284844,"upper_bound":907206.5068438647},"point_estimate":695741.6664481172,"standard_error":104249.30927893726},"slope":null,"std_dev":{"confidence_interval":{"confidence_level":0.95,"lower_bound":751750.5593426701,"upper_bound":2348762.5981848515},"point_estimate":1540964.6810805826,"standard_error":487991.19015067635}}