{"mean":{"confidence_interval":{"confidence_level":0.95,"lower_bound":0.0785408673755143,"upper_bound":0.11140329212518015},"point_estimate":0.09731689798177512,"standard_error":0.008206666160367209},"median":{"confidence_interval":{"confidence_level":0.95,"lower_bound":0.0763052493380667,"upper_bound":0.10990267125575093},"point_estimate":0.10242178063703267,"standard_error":0.007715322180953115}}