{"mean":{"confidence_interval":{"confidence_level":0.95,"lower_bound":-0.9227093448849519,"upper_bound":-0.9156111709190499},"point_estimate":-0.9194414226339,"standard_error":0.0019345110033210798},"median":{"confidence_interval":{"confidence_level":0.95,"lower_bound":-0.9244022568816431,"upper_bound":-0.9124206471287049},"point_estimate":-0.9186027732386487,"standard_error":0.0031071183203184075}}