{"mean":{"confidence_interval":{"confidence_level":0.95,"lower_bound":3539630.4195000003,"upper_bound":3735105.3118749997},"point_estimate":3628609.84,"standard_error":50389.53474501371},"median":{"confidence_interval":{"confidence_level":0.95,"lower_bound":3480207.0,"upper_bound":3624163.5},"point_estimate":3550310.5,"standard_error":34527.392119571945},"median_abs_dev":{"confidence_interval":{"confidence_level":0.95,"lower_bound":259244.4661974907,"upper_bound":384426.49770006526},"point_estimate":330449.2951333523,"standard_error":32970.59560035192},"slope":null,"std_dev":{"confidence_interval":{"confidence_level":0.95,"lower_bound":316106.5207652016,"upper_bound":720665.1652735716},"point_estimate":510076.18886783347,"standard_error":111310.50945301358}}