{"mean":{"confidence_interval":{"confidence_level":0.95,"lower_bound":1684806.582,"upper_bound":1832630.481},"point_estimate":1753652.92,"standard_error":37640.79572710608},"median":{"confidence_interval":{"confidence_level":0.95,"lower_bound":1651623.0,"upper_bound":1811026.0},"point_estimate":1704324.0,"standard_error":36334.25775084072},"median_abs_dev":{"confidence_interval":{"confidence_level":0.95,"lower_bound":52780.559062957764,"upper_bound":223734.75129291404},"point_estimate":113865.1605784893,"standard_error":40793.21847605706},"slope":null,"std_dev":{"confidence_interval":{"confidence_level":0.95,"lower_bound":108409.44750519092,"upper_bound":261637.35932833486},"point_estimate":192849.26396733627,"standard_error":40767.63008621397}}