{"mean":{"confidence_interval":{"confidence_level":0.95,"lower_bound":2098924.2772500003,"upper_bound":2281994.0762500004},"point_estimate":2177721.52,"standard_error":47290.46740190166},"median":{"confidence_interval":{"confidence_level":0.95,"lower_bound":2062142.0,"upper_bound":2129247.0},"point_estimate":2099845.5,"standard_error":15737.336767877976},"median_abs_dev":{"confidence_interval":{"confidence_level":0.95,"lower_bound":138632.7159062773,"upper_bound":225295.15070021152},"point_estimate":174440.48900306225,"standard_error":22087.407904914737},"slope":null,"std_dev":{"confidence_interval":{"confidence_level":0.95,"lower_bound":192054.6396705063,"upper_bound":732372.2684402502},"point_estimate":468672.7002318093,"standard_error":149601.14397237534}}