{"mean":{"confidence_interval":{"confidence_level":0.95,"lower_bound":1511665.5790000001,"upper_bound":1859174.4685000002},"point_estimate":1646882.52,"standard_error":98383.94332390645},"median":{"confidence_interval":{"confidence_level":0.95,"lower_bound":1484399.0,"upper_bound":1617353.5},"point_estimate":1545201.0,"standard_error":40286.44713621735},"median_abs_dev":{"confidence_interval":{"confidence_level":0.95,"lower_bound":64940.10274708271,"upper_bound":181402.03717947006},"point_estimate":124394.58559155464,"standard_error":28702.803515691787},"slope":null,"std_dev":{"confidence_interval":{"confidence_level":0.95,"lower_bound":86370.74284798621,"upper_bound":845154.9858625246},"point_estimate":513588.1979482378,"standard_error":261293.46229662636}}