{"mean":{"confidence_interval":{"confidence_level":0.95,"lower_bound":1555275.662,"upper_bound":1645091.4489999998},"point_estimate":1598066.68,"standard_error":23089.6714207866},"median":{"confidence_interval":{"confidence_level":0.95,"lower_bound":1532122.0,"upper_bound":1655823.5},"point_estimate":1585072.5,"standard_error":27398.31423805824},"median_abs_dev":{"confidence_interval":{"confidence_level":0.95,"lower_bound":56338.79899978638,"upper_bound":158714.55108225346},"point_estimate":132101.8815547228,"standard_error":26056.027636695755},"slope":null,"std_dev":{"confidence_interval":{"confidence_level":0.95,"lower_bound":74800.78539811006,"upper_bound":157700.1636104115},"point_estimate":118391.73498724125,"standard_error":22317.53645636706}}