{"mean":{"confidence_interval":{"confidence_level":0.95,"lower_bound":18113228.571333338,"upper_bound":18865881.326666664},"point_estimate":18491572.453333333,"standard_error":186646.22381820445},"median":{"confidence_interval":{"confidence_level":0.95,"lower_bound":18055708.0,"upper_bound":18878256.041666664},"point_estimate":18446053.666666668,"standard_error":185073.5873118897},"median_abs_dev":{"confidence_interval":{"confidence_level":0.95,"lower_bound":432587.08992004395,"upper_bound":1728401.9530147295},"point_estimate":730697.9144275188,"standard_error":309931.87913737627},"slope":null,"std_dev":{"confidence_interval":{"confidence_level":0.95,"lower_bound":679803.6170660811,"upper_bound":1159285.8808904397},"point_estimate":957853.3759990061,"standard_error":122553.46133194426}}