{"mean":{"confidence_interval":{"confidence_level":0.95,"lower_bound":17743159.58,"upper_bound":18987870.639999997},"point_estimate":18259600.92,"standard_error":319509.807721642},"median":{"confidence_interval":{"confidence_level":0.95,"lower_bound":17608799.5,"upper_bound":18539113.0},"point_estimate":17889354.0,"standard_error":259058.32166871225},"median_abs_dev":{"confidence_interval":{"confidence_level":0.95,"lower_bound":479925.0244796276,"upper_bound":1301296.5293973684},"point_estimate":963332.6762974262,"standard_error":203489.8236438014},"slope":null,"std_dev":{"confidence_interval":{"confidence_level":0.95,"lower_bound":636832.291096817,"upper_bound":2524448.5365075627},"point_estimate":1633299.7830602308,"standard_error":580433.3867503986}}