{"mean":{"confidence_interval":{"confidence_level":0.95,"lower_bound":0.421623371294098,"upper_bound":0.5221736329920957},"point_estimate":0.46988442682195,"standard_error":0.025320759398083918},"median":{"confidence_interval":{"confidence_level":0.95,"lower_bound":0.41142678330871796,"upper_bound":0.5049898081647437},"point_estimate":0.45835605924261036,"standard_error":0.023682058980963604}}