{"mean":{"confidence_interval":{"confidence_level":0.95,"lower_bound":0.24538442127285184,"upper_bound":0.32860274756172514},"point_estimate":0.28385113025976905,"standard_error":0.021019705598963285},"median":{"confidence_interval":{"confidence_level":0.95,"lower_bound":0.23676246737469153,"upper_bound":0.3142501642672504},"point_estimate":0.2709693999664693,"standard_error":0.019028272448550727}}