{"mean":{"confidence_interval":{"confidence_level":0.95,"lower_bound":9436389.3615,"upper_bound":9570651.076},"point_estimate":9502431.15,"standard_error":34044.04464072258},"median":{"confidence_interval":{"confidence_level":0.95,"lower_bound":9434196.5,"upper_bound":9523374.375},"point_estimate":9458971.5,"standard_error":23085.793372082364},"median_abs_dev":{"confidence_interval":{"confidence_level":0.95,"lower_bound":72944.66000497341,"upper_bound":196483.7854117155},"point_estimate":106043.70441734791,"standard_error":29790.27884133852},"slope":null,"std_dev":{"confidence_interval":{"confidence_level":0.95,"lower_bound":167516.48889000877,"upper_bound":308087.65326196566},"point_estimate":243480.9153208985,"standard_error":36246.8221538864}}