{"mean":{"confidence_interval":{"confidence_level":0.95,"lower_bound":723316.5349999999,"upper_bound":750752.91425},"point_estimate":736698.9,"standard_error":6987.63668399714},"median":{"confidence_interval":{"confidence_level":0.95,"lower_bound":705249.0,"upper_bound":749251.0},"point_estimate":729350.0,"standard_error":12494.943607891604},"median_abs_dev":{"confidence_interval":{"confidence_level":0.95,"lower_bound":50486.21707119048,"upper_bound":83700.55216401813},"point_estimate":60716.17542207241,"standard_error":8380.118174735002},"slope":null,"std_dev":{"confidence_interval":{"confidence_level":0.95,"lower_bound":58620.37618658027,"upper_bound":79051.72633109447},"point_estimate":69387.63131164228,"standard_error":5218.24728387558}}