{"mean":{"confidence_interval":{"confidence_level":0.95,"lower_bound":613896.4990000001,"upper_bound":642777.476},"point_estimate":628060.96,"standard_error":7492.1994089759055},"median":{"confidence_interval":{"confidence_level":0.95,"lower_bound":603808.0,"upper_bound":646909.0},"point_estimate":616808.0,"standard_error":9041.285975693776},"median_abs_dev":{"confidence_interval":{"confidence_level":0.95,"lower_bound":14676.257139444351,"upper_bound":55449.23901557922},"point_estimate":29058.95948410034,"standard_error":11318.853175015141},"slope":null,"std_dev":{"confidence_interval":{"confidence_level":0.95,"lower_bound":26739.982655388114,"upper_bound":45114.42426263255},"point_estimate":37727.53565421415,"standard_error":4664.121836591}}