{"mean":{"confidence_interval":{"confidence_level":0.95,"lower_bound":677992.26625,"upper_bound":706196.31575},"point_estimate":691371.21,"standard_error":7284.033959786023},"median":{"confidence_interval":{"confidence_level":0.95,"lower_bound":670180.5,"upper_bound":687736.0125},"point_estimate":680281.0,"standard_error":4590.742244290129},"median_abs_dev":{"confidence_interval":{"confidence_level":0.95,"lower_bound":33582.37200379372,"upper_bound":55303.20291817188},"point_estimate":44925.7444024086,"standard_error":5482.750965427705},"slope":null,"std_dev":{"confidence_interval":{"confidence_level":0.95,"lower_bound":47018.031630007135,"upper_bound":97965.6871259202},"point_estimate":73326.70087146173,"standard_error":13156.390730789526}}