{"mean":{"confidence_interval":{"confidence_level":0.95,"lower_bound":867399.7205,"upper_bound":979896.951},"point_estimate":920224.9,"standard_error":29007.301981488545},"median":{"confidence_interval":{"confidence_level":0.95,"lower_bound":809710.0,"upper_bound":896310.0},"point_estimate":851210.0,"standard_error":23517.209067233027},"median_abs_dev":{"confidence_interval":{"confidence_level":0.95,"lower_bound":75391.69126152992,"upper_bound":193407.4089988321},"point_estimate":114458.20056796074,"standard_error":28864.251083009258},"slope":null,"std_dev":{"confidence_interval":{"confidence_level":0.95,"lower_bound":128885.0539789777,"upper_bound":271756.5911320923},"point_estimate":208300.11937432285,"standard_error":36971.89812723453}}