{"mean":{"confidence_interval":{"confidence_level":0.95,"lower_bound":644529.486,"upper_bound":726248.353},"point_estimate":680041.56,"standard_error":22054.154376711365},"median":{"confidence_interval":{"confidence_level":0.95,"lower_bound":619620.0,"upper_bound":698694.0},"point_estimate":671490.0,"standard_error":23098.07069142315},"median_abs_dev":{"confidence_interval":{"confidence_level":0.95,"lower_bound":35032.354778051376,"upper_bound":106263.46279844642},"point_estimate":76902.4606347084,"standard_error":16518.33432348258},"slope":null,"std_dev":{"confidence_interval":{"confidence_level":0.95,"lower_bound":47065.19269127293,"upper_bound":176431.72206273008},"point_estimate":113421.73843340907,"standard_error":41192.657698061535}}