{"mean":{"confidence_interval":{"confidence_level":0.95,"lower_bound":0.13871289032317255,"upper_bound":0.21805256034388643},"point_estimate":0.17696390429972508,"standard_error":0.0201015035992482},"median":{"confidence_interval":{"confidence_level":0.95,"lower_bound":0.0912056452236889,"upper_bound":0.17417907100978058},"point_estimate":0.13810537813985269,"standard_error":0.021083935857774384}}