{"mean":{"confidence_interval":{"confidence_level":0.95,"lower_bound":0.06258729943033439,"upper_bound":0.2274874342975242},"point_estimate":0.14101155702472945,"standard_error":0.04150368604277133},"median":{"confidence_interval":{"confidence_level":0.95,"lower_bound":0.00854056730784114,"upper_bound":0.08398329904671686},"point_estimate":0.04462604319749208,"standard_error":0.017552389843915044}}