{"mean":{"confidence_interval":{"confidence_level":0.95,"lower_bound":897273.72375,"upper_bound":944856.6545},"point_estimate":918222.32,"standard_error":12123.136787019655},"median":{"confidence_interval":{"confidence_level":0.95,"lower_bound":867439.0,"upper_bound":914441.0},"point_estimate":880190.0,"standard_error":12281.851980705009},"median_abs_dev":{"confidence_interval":{"confidence_level":0.95,"lower_bound":47816.777286082506,"upper_bound":87180.6034847349},"point_estimate":64569.45275366306,"standard_error":9789.387978936982},"slope":null,"std_dev":{"confidence_interval":{"confidence_level":0.95,"lower_bound":72577.77554438355,"upper_bound":174802.67744516704},"point_estimate":121423.5054101906,"standard_error":29662.63932952318}}