{"mean":{"confidence_interval":{"confidence_level":0.95,"lower_bound":0.04701301048973074,"upper_bound":0.1322114149045226},"point_estimate":0.08975060274654445,"standard_error":0.021567799420402777},"median":{"confidence_interval":{"confidence_level":0.95,"lower_bound":0.05661006186633055,"upper_bound":0.11057949057056415},"point_estimate":0.07410759180456217,"standard_error":0.013358126921472344}}