{"mean":{"confidence_interval":{"confidence_level":0.95,"lower_bound":-0.9494751182328055,"upper_bound":-0.9439540691392035},"point_estimate":-0.9468235714467358,"standard_error":0.001422487654943601},"median":{"confidence_interval":{"confidence_level":0.95,"lower_bound":-0.9528028706276697,"upper_bound":-0.9473074267357734},"point_estimate":-0.950722541623729,"standard_error":0.0012187795055193656}}