{"mean":{"confidence_interval":{"confidence_level":0.95,"lower_bound":2911965.4558382356,"upper_bound":3047344.207955882},"point_estimate":2967486.6417647046,"standard_error":35247.64777490485},"median":{"confidence_interval":{"confidence_level":0.95,"lower_bound":2863277.294117647,"upper_bound":2907522.588235294},"point_estimate":2876638.029411765,"standard_error":10221.60219980254},"median_abs_dev":{"confidence_interval":{"confidence_level":0.95,"lower_bound":67690.98850765628,"upper_bound":119424.51802685007},"point_estimate":91250.67072703585,"standard_error":12522.95437068544},"slope":null,"std_dev":{"confidence_interval":{"confidence_level":0.95,"lower_bound":135170.67510968004,"upper_bound":567598.668081273},"point_estimate":356022.7864634159,"standard_error":138017.13381862323}}