{"mean":{"confidence_interval":{"confidence_level":0.95,"lower_bound":0.39742373857553437,"upper_bound":0.4826033871344644},"point_estimate":0.4410021530710764,"standard_error":0.021957832566959795},"median":{"confidence_interval":{"confidence_level":0.95,"lower_bound":0.34662748291177903,"upper_bound":0.48490227778845907},"point_estimate":0.4279177793338409,"standard_error":0.037961184552863805}}