{"mean":{"confidence_interval":{"confidence_level":0.95,"lower_bound":0.41033050661854736,"upper_bound":0.5335566896489438},"point_estimate":0.4693542083175115,"standard_error":0.03175973904915109},"median":{"confidence_interval":{"confidence_level":0.95,"lower_bound":0.3202715468170161,"upper_bound":0.471116797896616},"point_estimate":0.4198406762746638,"standard_error":0.03983660863805819}}