{"mean":{"confidence_interval":{"confidence_level":0.95,"lower_bound":11501334.046333332,"upper_bound":11615395.38666667},"point_estimate":11550417.160000002,"standard_error":28980.19388062224},"median":{"confidence_interval":{"confidence_level":0.95,"lower_bound":11491129.666666666,"upper_bound":11533030.333333334},"point_estimate":11509996.333333334,"standard_error":10024.833534021142},"median_abs_dev":{"confidence_interval":{"confidence_level":0.95,"lower_bound":16358.513909580164,"upper_bound":67063.43300938515},"point_estimate":34150.207793712616,"standard_error":13019.56346469834},"slope":null,"std_dev":{"confidence_interval":{"confidence_level":0.95,"lower_bound":37408.33981375665,"upper_bound":219159.1211431842},"point_estimate":148692.45352915395,"standard_error":46037.438581336835}}