{"mean":{"confidence_interval":{"confidence_level":0.95,"lower_bound":0.10290614176300282,"upper_bound":0.24236187700896766},"point_estimate":0.17481722666079214,"standard_error":0.03556759247576496},"median":{"confidence_interval":{"confidence_level":0.95,"lower_bound":0.083129098471226,"upper_bound":0.20295601418544296},"point_estimate":0.14249667316777792,"standard_error":0.029114122999749845}}