{"mean":{"confidence_interval":{"confidence_level":0.95,"lower_bound":0.10539669658635083,"upper_bound":0.2280566625903792},"point_estimate":0.17043852098167744,"standard_error":0.0309906948578583},"median":{"confidence_interval":{"confidence_level":0.95,"lower_bound":0.0908163552167726,"upper_bound":0.19681610149531692},"point_estimate":0.1546445980928508,"standard_error":0.02725672915638038}}