{"mean":{"confidence_interval":{"confidence_level":0.95,"lower_bound":2403248.9142777775,"upper_bound":2479599.998888888},"point_estimate":2436890.3822222217,"standard_error":19856.87114182648},"median":{"confidence_interval":{"confidence_level":0.95,"lower_bound":2391466.9444444445,"upper_bound":2420672.888888889},"point_estimate":2402222.611111111,"standard_error":7599.226329353897},"median_abs_dev":{"confidence_interval":{"confidence_level":0.95,"lower_bound":27683.683275183197,"upper_bound":61381.53128442703},"point_estimate":39347.1325347824,"standard_error":8293.707058548976},"slope":null,"std_dev":{"confidence_interval":{"confidence_level":0.95,"lower_bound":53739.913984366365,"upper_bound":206703.9221916161},"point_estimate":142982.13090048564,"standard_error":40232.34912084058}}