{"mean":{"confidence_interval":{"confidence_level":0.95,"lower_bound":-0.15272868333396306,"upper_bound":-0.010768294399874031},"point_estimate":-0.07981426046947038,"standard_error":0.03642100372352493},"median":{"confidence_interval":{"confidence_level":0.95,"lower_bound":-0.1662956867871086,"upper_bound":0.06255895957158364},"point_estimate":-0.12983910223258954,"standard_error":0.06610286623395073}}