{"mean":{"confidence_interval":{"confidence_level":0.95,"lower_bound":0.07800568089228437,"upper_bound":0.2604863974298873},"point_estimate":0.1728968944841658,"standard_error":0.04682387326906736},"median":{"confidence_interval":{"confidence_level":0.95,"lower_bound":-0.0017767692581662775,"upper_bound":0.4385681312437859},"point_estimate":0.17628887604568044,"standard_error":0.10976384735430982}}