{"mean":{"confidence_interval":{"confidence_level":0.95,"lower_bound":1753991.5492857145,"upper_bound":1792086.0718571432},"point_estimate":1773025.1185714286,"standard_error":9748.725795400258},"median":{"confidence_interval":{"confidence_level":0.95,"lower_bound":1725306.5714285714,"upper_bound":1783152.0},"point_estimate":1757586.5714285714,"standard_error":13860.951830000722},"median_abs_dev":{"confidence_interval":{"confidence_level":0.95,"lower_bound":65077.71979463955,"upper_bound":115754.09884495384},"point_estimate":88218.72263380447,"standard_error":12654.49158163354},"slope":null,"std_dev":{"confidence_interval":{"confidence_level":0.95,"lower_bound":85349.85403500096,"upper_bound":109990.73005425541},"point_estimate":98871.99121999237,"standard_error":6276.805042086773}}