{"mean":{"confidence_interval":{"confidence_level":0.95,"lower_bound":1299756.106888889,"upper_bound":1322666.550888889},"point_estimate":1311145.2711111114,"standard_error":5900.417752415298},"median":{"confidence_interval":{"confidence_level":0.95,"lower_bound":1304396.2222222222,"upper_bound":1320518.6666666667},"point_estimate":1311829.7777777778,"standard_error":3752.1456902026816},"median_abs_dev":{"confidence_interval":{"confidence_level":0.95,"lower_bound":7528.313199679018,"upper_bound":36455.98021944368},"point_estimate":20410.624370972277,"standard_error":6819.648445999204},"slope":null,"std_dev":{"confidence_interval":{"confidence_level":0.95,"lower_bound":17157.230173898857,"upper_bound":40276.01339400065},"point_estimate":30031.3201587346,"standard_error":5908.6918835663355}}