{"mean":{"confidence_interval":{"confidence_level":0.95,"lower_bound":4255189.9305,"upper_bound":4768588.318499999},"point_estimate":4486339.96,"standard_error":123891.91059580821},"median":{"confidence_interval":{"confidence_level":0.95,"lower_bound":4096876.0,"upper_bound":4475561.375},"point_estimate":4223327.75,"standard_error":101060.18209276797},"median_abs_dev":{"confidence_interval":{"confidence_level":0.95,"lower_bound":371062.5268623233,"upper_bound":732190.3273597732},"point_estimate":538561.112138629,"standard_error":94994.88663761086},"slope":null,"std_dev":{"confidence_interval":{"confidence_level":0.95,"lower_bound":523059.5947006775,"upper_bound":1175065.5667535674},"point_estimate":875242.2400322215,"standard_error":164003.04166415683}}