{"mean":{"confidence_interval":{"confidence_level":0.95,"lower_bound":990021.8799500007,"upper_bound":1083978.6692499998},"point_estimate":1028101.5680000001,"standard_error":24411.844730255292},"median":{"confidence_interval":{"confidence_level":0.95,"lower_bound":966601.9,"upper_bound":1002824.1},"point_estimate":983312.9,"standard_error":10804.20822596867},"median_abs_dev":{"confidence_interval":{"confidence_level":0.95,"lower_bound":55215.58125972743,"upper_bound":99311.06967687601},"point_estimate":76062.1229696274,"standard_error":11456.239718711015},"slope":null,"std_dev":{"confidence_interval":{"confidence_level":0.95,"lower_bound":86444.95016472733,"upper_bound":398865.83412057586},"point_estimate":247693.04105754592,"standard_error":99773.38759722398}}