{"mean":{"confidence_interval":{"confidence_level":0.95,"lower_bound":1143529.0320000004,"upper_bound":1218644.9932500003},"point_estimate":1178269.6083333336,"standard_error":19236.23391596609},"median":{"confidence_interval":{"confidence_level":0.95,"lower_bound":1114467.0,"upper_bound":1156073.0},"point_estimate":1133880.4166666665,"standard_error":10793.641722692979},"median_abs_dev":{"confidence_interval":{"confidence_level":0.95,"lower_bound":68239.87608849996,"upper_bound":112470.00929325807},"point_estimate":87403.4691482783,"standard_error":11056.199473775589},"slope":null,"std_dev":{"confidence_interval":{"confidence_level":0.95,"lower_bound":116380.6272417994,"upper_bound":259169.99663679147},"point_estimate":194077.40348127423,"standard_error":36467.6945228171}}