{"mean":{"confidence_interval":{"confidence_level":0.95,"lower_bound":613160.64,"upper_bound":643753.378},"point_estimate":628936.96,"standard_error":7725.261793329611},"median":{"confidence_interval":{"confidence_level":0.95,"lower_bound":608109.0,"upper_bound":655409.0},"point_estimate":633509.0,"standard_error":8913.220124875668},"median_abs_dev":{"confidence_interval":{"confidence_level":0.95,"lower_bound":19423.542255163193,"upper_bound":63010.49888134003},"point_estimate":40031.68188929558,"standard_error":11491.08024515822},"slope":null,"std_dev":{"confidence_interval":{"confidence_level":0.95,"lower_bound":29363.7777367151,"upper_bound":46953.46787041028},"point_estimate":39768.683695507614,"standard_error":4506.327366887816}}