{"mean":{"confidence_interval":{"confidence_level":0.95,"lower_bound":673612.09975,"upper_bound":775491.6137499999},"point_estimate":717624.34,"standard_error":26149.959859175222},"median":{"confidence_interval":{"confidence_level":0.95,"lower_bound":646629.0,"upper_bound":670330.0},"point_estimate":661780.0,"standard_error":6250.336965259323},"median_abs_dev":{"confidence_interval":{"confidence_level":0.95,"lower_bound":35583.88196825981,"upper_bound":61826.642802357674},"point_estimate":46482.47437477112,"standard_error":6765.694896467474},"slope":null,"std_dev":{"confidence_interval":{"confidence_level":0.95,"lower_bound":97819.69775255477,"upper_bound":392939.5213208842},"point_estimate":261689.59313444828,"standard_error":76365.54333197928}}