{"mean":{"confidence_interval":{"confidence_level":0.95,"lower_bound":723503.57325,"upper_bound":759393.39475},"point_estimate":740236.1,"standard_error":9225.36066999492},"median":{"confidence_interval":{"confidence_level":0.95,"lower_bound":701649.0,"upper_bound":741152.0},"point_estimate":721000.0,"standard_error":8603.501778086167},"median_abs_dev":{"confidence_interval":{"confidence_level":0.95,"lower_bound":48039.945647120476,"upper_bound":78733.84225219485},"point_estimate":67314.48660492897,"standard_error":8636.700588062613},"slope":null,"std_dev":{"confidence_interval":{"confidence_level":0.95,"lower_bound":62388.85886822058,"upper_bound":120692.37838879909},"point_estimate":92397.53928175376,"standard_error":15029.71255058629}}