{"mean":{"confidence_interval":{"confidence_level":0.95,"lower_bound":616871.892,"upper_bound":785871.67},"point_estimate":683431.52,"standard_error":47728.176342656596},"median":{"confidence_interval":{"confidence_level":0.95,"lower_bound":607349.0,"upper_bound":654953.0},"point_estimate":631150.0,"standard_error":12547.428122283027},"median_abs_dev":{"confidence_interval":{"confidence_level":0.95,"lower_bound":25650.462144613266,"upper_bound":74433.93167853355},"point_estimate":38890.079909563065,"standard_error":13626.963757239326},"slope":null,"std_dev":{"confidence_interval":{"confidence_level":0.95,"lower_bound":37572.40512052362,"upper_bound":421555.37487085874},"point_estimate":256768.7923741123,"standard_error":128793.74253625073}}