{"mean":{"confidence_interval":{"confidence_level":0.95,"lower_bound":2907508.028055555,"upper_bound":3038959.33626389},"point_estimate":2965452.931111111,"standard_error":33558.44038318165},"median":{"confidence_interval":{"confidence_level":0.95,"lower_bound":2837472.4444444445,"upper_bound":2902139.25},"point_estimate":2865901.888888889,"standard_error":17789.370244527956},"median_abs_dev":{"confidence_interval":{"confidence_level":0.95,"lower_bound":51901.04781190585,"upper_bound":122615.04040523108},"point_estimate":83495.29443432915,"standard_error":19342.58477780891},"slope":null,"std_dev":{"confidence_interval":{"confidence_level":0.95,"lower_bound":151993.900418348,"upper_bound":484758.8005603014},"point_estimate":333883.6401684634,"standard_error":85658.05472731421}}