{"mean":{"confidence_interval":{"confidence_level":0.95,"lower_bound":2395508.1032777783,"upper_bound":2482727.5552222217},"point_estimate":2436643.360000001,"standard_error":22302.49314077461},"median":{"confidence_interval":{"confidence_level":0.95,"lower_bound":2397937.944444444,"upper_bound":2429132.6666666665},"point_estimate":2409010.222222222,"standard_error":7886.864310273816},"median_abs_dev":{"confidence_interval":{"confidence_level":0.95,"lower_bound":30253.5232295593,"upper_bound":111898.20343007671},"point_estimate":53275.2532541753,"standard_error":21632.850408946982},"slope":null,"std_dev":{"confidence_interval":{"confidence_level":0.95,"lower_bound":97419.15991669521,"upper_bound":210961.47488529078},"point_estimate":161016.9778657962,"standard_error":28997.662937163528}}