{"mean":{"confidence_interval":{"confidence_level":0.95,"lower_bound":-0.9569058229873758,"upper_bound":-0.9554203514130996},"point_estimate":-0.9560922591034777,"standard_error":0.0003743179526849747},"median":{"confidence_interval":{"confidence_level":0.95,"lower_bound":-0.9566104687355541,"upper_bound":-0.955555299733954},"point_estimate":-0.9558548703695459,"standard_error":0.0002869663688140839}}