{"mean":{"confidence_interval":{"confidence_level":0.95,"lower_bound":-0.004578651674322175,"upper_bound":0.030326756914559255},"point_estimate":0.011240086314369346,"standard_error":0.008850809912252948},"median":{"confidence_interval":{"confidence_level":0.95,"lower_bound":-0.020698330495153128,"upper_bound":-0.0036936724673605204},"point_estimate":-0.011099411559732153,"standard_error":0.004463241064135412}}