{"mean":{"confidence_interval":{"confidence_level":0.95,"lower_bound":193189506.929,"upper_bound":206477918.603},"point_estimate":199954216.24,"standard_error":3425354.8145650537},"median":{"confidence_interval":{"confidence_level":0.95,"lower_bound":195923079.0,"upper_bound":215501072.23749992},"point_estimate":201712330.0,"standard_error":5160729.228108097},"median_abs_dev":{"confidence_interval":{"confidence_level":0.95,"lower_bound":25904077.3084382,"upper_bound":43788172.129404545},"point_estimate":39124638.34489882,"standard_error":4800380.363989269},"slope":null,"std_dev":{"confidence_interval":{"confidence_level":0.95,"lower_bound":29876865.3633546,"upper_bound":38720403.229339436},"point_estimate":34593330.5371327,"standard_error":2281503.6336607356}}