{"mean":{"confidence_interval":{"confidence_level":0.95,"lower_bound":917610.28625,"upper_bound":985932.1984999999},"point_estimate":948537.51,"standard_error":17626.177571585507},"median":{"confidence_interval":{"confidence_level":0.95,"lower_bound":886911.5,"upper_bound":920414.0},"point_estimate":899162.5,"standard_error":8098.077995249722},"median_abs_dev":{"confidence_interval":{"confidence_level":0.95,"lower_bound":48632.98563659191,"upper_bound":83253.19615446031},"point_estimate":62719.167986512184,"standard_error":8869.574126654563},"slope":null,"std_dev":{"confidence_interval":{"confidence_level":0.95,"lower_bound":96691.33750306691,"upper_bound":242274.13143934082},"point_estimate":175636.5890676631,"standard_error":37849.39095256372}}