{"mean":{"confidence_interval":{"confidence_level":0.95,"lower_bound":786625.684375,"upper_bound":827525.12875},"point_estimate":805826.395,"standard_error":10430.843867392146},"median":{"confidence_interval":{"confidence_level":0.95,"lower_bound":759384.5,"upper_bound":792186.0},"point_estimate":772284.75,"standard_error":9723.236600599845},"median_abs_dev":{"confidence_interval":{"confidence_level":0.95,"lower_bound":44924.63245242834,"upper_bound":77506.24947398901},"point_estimate":58491.53416156769,"standard_error":8098.811905074436},"slope":null,"std_dev":{"confidence_interval":{"confidence_level":0.95,"lower_bound":75326.55264646838,"upper_bound":131237.91239599627},"point_estimate":105452.57766572102,"standard_error":14246.108066011013}}