{"mean":{"confidence_interval":{"confidence_level":0.95,"lower_bound":4595156.585999999,"upper_bound":4669883.958666667},"point_estimate":4635085.786666667,"standard_error":19139.54176324348},"median":{"confidence_interval":{"confidence_level":0.95,"lower_bound":4597532.0,"upper_bound":4701200.0},"point_estimate":4645332.333333333,"standard_error":25598.549699667234},"median_abs_dev":{"confidence_interval":{"confidence_level":0.95,"lower_bound":42205.66765069916,"upper_bound":125578.19457054092},"point_estimate":84459.76690053893,"standard_error":21406.54339792784},"slope":null,"std_dev":{"confidence_interval":{"confidence_level":0.95,"lower_bound":55994.6179997003,"upper_bound":129623.3481488047},"point_estimate":97892.7575708858,"standard_error":19099.68518834541}}