{"mean":{"confidence_interval":{"confidence_level":0.95,"lower_bound":-0.08446275181770746,"upper_bound":0.0734390220169394},"point_estimate":-0.010283804991909506,"standard_error":0.04020709705884152},"median":{"confidence_interval":{"confidence_level":0.95,"lower_bound":-0.1340572359640424,"upper_bound":0.10854147876350217},"point_estimate":-0.0819800764517109,"standard_error":0.08067176557589378}}