{"mean":{"confidence_interval":{"confidence_level":0.95,"lower_bound":0.09795148579201421,"upper_bound":0.28845598349188617},"point_estimate":0.18472923425793786,"standard_error":0.04897196642317842},"median":{"confidence_interval":{"confidence_level":0.95,"lower_bound":0.04625448376831727,"upper_bound":0.407742818200729},"point_estimate":0.17115389744503218,"standard_error":0.10885183031836167}}