{"mean":{"confidence_interval":{"confidence_level":0.95,"lower_bound":0.17443254845086958,"upper_bound":0.20958850546137164},"point_estimate":0.18961529361645169,"standard_error":0.008811142479885518},"median":{"confidence_interval":{"confidence_level":0.95,"lower_bound":0.1680755138893406,"upper_bound":0.19212911871286753},"point_estimate":0.18125024774555776,"standard_error":0.006033436129892464}}