{"mean":{"confidence_interval":{"confidence_level":0.95,"lower_bound":0.3336789692348651,"upper_bound":0.3701516728452542},"point_estimate":0.35227206140849954,"standard_error":0.009225916788558186},"median":{"confidence_interval":{"confidence_level":0.95,"lower_bound":0.3137283326578183,"upper_bound":0.35599244956268894},"point_estimate":0.3397977399216381,"standard_error":0.010460073113656883}}