{"mean":{"confidence_interval":{"confidence_level":0.95,"lower_bound":0.05168595904120256,"upper_bound":0.09792590351224406},"point_estimate":0.06989887568437281,"standard_error":0.012646161976992245},"median":{"confidence_interval":{"confidence_level":0.95,"lower_bound":0.02368993294024202,"upper_bound":0.060185536015088026},"point_estimate":0.03761169461847946,"standard_error":0.008619944617089917}}