{"mean":{"confidence_interval":{"confidence_level":0.95,"lower_bound":-0.750321252750968,"upper_bound":-0.739616481213465},"point_estimate":-0.7462370248653799,"standard_error":0.00267033297982822},"median":{"confidence_interval":{"confidence_level":0.95,"lower_bound":-0.7566954646722981,"upper_bound":-0.7472612036858619},"point_estimate":-0.7523670719363027,"standard_error":0.0023668287483338004}}