{"mean":{"confidence_interval":{"confidence_level":0.95,"lower_bound":-0.9859421455164677,"upper_bound":-0.983506119374307},"point_estimate":-0.9845266868652566,"standard_error":0.0006470443177134341},"median":{"confidence_interval":{"confidence_level":0.95,"lower_bound":-0.9839172864022567,"upper_bound":-0.9834601901979712},"point_estimate":-0.9837424577429585,"standard_error":0.0001067594715006008}}