{"mean":{"confidence_interval":{"confidence_level":0.95,"lower_bound":-0.12692258969786244,"upper_bound":0.02453654781297221},"point_estimate":-0.04273559459443277,"standard_error":0.04059391250080074},"median":{"confidence_interval":{"confidence_level":0.95,"lower_bound":-0.020181443776514096,"upper_bound":0.005803816848399812},"point_estimate":-0.010975373162408153,"standard_error":0.007009241426735645}}