{"mean":{"confidence_interval":{"confidence_level":0.95,"lower_bound":54166.38476107385,"upper_bound":56966.328553643085},"point_estimate":55483.74287270035,"standard_error":716.6300954007773},"median":{"confidence_interval":{"confidence_level":0.95,"lower_bound":51923.984305555554,"upper_bound":54304.41898734177},"point_estimate":53207.137918628985,"standard_error":744.2586791834182},"median_abs_dev":{"confidence_interval":{"confidence_level":0.95,"lower_bound":2529.2658024619373,"upper_bound":5278.696743989934},"point_estimate":4208.340977995344,"standard_error":810.5086333847576},"slope":{"confidence_interval":{"confidence_level":0.95,"lower_bound":56568.00712383315,"upper_bound":60365.06804805449},"point_estimate":58344.227444657896,"standard_error":966.5492377849109},"std_dev":{"confidence_interval":{"confidence_level":0.95,"lower_bound":4647.989003356071,"upper_bound":9716.35860641249},"point_estimate":7188.116524282935,"standard_error":1338.6655406043878}}