{"mean":{"confidence_interval":{"confidence_level":0.95,"lower_bound":426133.4181219998,"upper_bound":434140.386938},"point_estimate":430109.86223999964,"standard_error":2029.1075221386957},"median":{"confidence_interval":{"confidence_level":0.95,"lower_bound":425940.116,"upper_bound":432155.592},"point_estimate":428353.024,"standard_error":1583.9602981829662},"median_abs_dev":{"confidence_interval":{"confidence_level":0.95,"lower_bound":9226.344174599652,"upper_bound":19634.797925412684},"point_estimate":14717.544583511393,"standard_error":2719.25914829663},"slope":null,"std_dev":{"confidence_interval":{"confidence_level":0.95,"lower_bound":16382.910391886824,"upper_bound":23585.682012617515},"point_estimate":20148.678753568256,"standard_error":1829.8757482868639}}