{"mean":{"confidence_interval":{"confidence_level":0.95,"lower_bound":1269010.851,"upper_bound":1566507.5999999999},"point_estimate":1395834.2,"standard_error":77787.04165586755},"median":{"confidence_interval":{"confidence_level":0.95,"lower_bound":1207047.0,"upper_bound":1455116.0},"point_estimate":1367710.0,"standard_error":56032.44191845563},"median_abs_dev":{"confidence_interval":{"confidence_level":0.95,"lower_bound":120329.7783087196,"upper_bound":358372.5830376148},"point_estimate":261552.87435650826,"standard_error":63408.31266290468},"slope":null,"std_dev":{"confidence_interval":{"confidence_level":0.95,"lower_bound":162678.23071463578,"upper_bound":587641.2746195953},"point_estimate":380119.02528287115,"standard_error":133957.54038414094}}