{"mean":{"confidence_interval":{"confidence_level":0.95,"lower_bound":0.2091699802340795,"upper_bound":0.3687002549284676},"point_estimate":0.28337147084189684,"standard_error":0.04076204726042879},"median":{"confidence_interval":{"confidence_level":0.95,"lower_bound":0.1829017449777406,"upper_bound":0.39991896729907417},"point_estimate":0.27855356296644773,"standard_error":0.057219613301653934}}