{"mean":{"confidence_interval":{"confidence_level":0.95,"lower_bound":-0.027554805356227407,"upper_bound":0.09887952704260144},"point_estimate":0.03134864342243193,"standard_error":0.032110514513846285},"median":{"confidence_interval":{"confidence_level":0.95,"lower_bound":-0.0583887297613358,"upper_bound":0.10320142255835218},"point_estimate":0.034109746103911265,"standard_error":0.040221605710141016}}