{"mean":{"confidence_interval":{"confidence_level":0.95,"lower_bound":1168497.411405398,"upper_bound":1201377.9836969655},"point_estimate":1183679.4220084017,"standard_error":8558.526986007579},"median":{"confidence_interval":{"confidence_level":0.95,"lower_bound":1160217.3421052631,"upper_bound":1182716.9214285715},"point_estimate":1172763.665151515,"standard_error":5547.097287714816},"median_abs_dev":{"confidence_interval":{"confidence_level":0.95,"lower_bound":18881.789442235837,"upper_bound":45876.80911451959},"point_estimate":33171.15396745812,"standard_error":6708.674454805913},"slope":{"confidence_interval":{"confidence_level":0.95,"lower_bound":1167037.3031299103,"upper_bound":1207181.3084835762},"point_estimate":1185837.0571461853,"standard_error":10387.057418899441},"std_dev":{"confidence_interval":{"confidence_level":0.95,"lower_bound":32910.79387840666,"upper_bound":85120.86694333205},"point_estimate":61642.31973381507,"standard_error":13623.745096965398}}