{"mean":{"confidence_interval":{"confidence_level":0.95,"lower_bound":380449.88936190476,"upper_bound":381918.6998380953},"point_estimate":381070.2464761904,"standard_error":382.14636428257614},"median":{"confidence_interval":{"confidence_level":0.95,"lower_bound":380207.30476190476,"upper_bound":380878.73333333334},"point_estimate":380468.2571428571,"standard_error":128.8925953691552},"median_abs_dev":{"confidence_interval":{"confidence_level":0.95,"lower_bound":258.39599541259105,"upper_bound":1078.7821008478188},"point_estimate":608.5719891957203,"standard_error":225.64648938005936},"slope":null,"std_dev":{"confidence_interval":{"confidence_level":0.95,"lower_bound":577.2856099581936,"upper_bound":2927.7851535872123},"point_estimate":1952.74980300775,"standard_error":653.0448328552324}}