{"mean":{"confidence_interval":{"confidence_level":0.95,"lower_bound":92434831.65100001,"upper_bound":145733154.31599998},"point_estimate":119452861.24,"standard_error":13242556.383976948},"median":{"confidence_interval":{"confidence_level":0.95,"lower_bound":40232441.0,"upper_bound":170095604.0},"point_estimate":152306044.0,"standard_error":32990753.47292271},"median_abs_dev":{"confidence_interval":{"confidence_level":0.95,"lower_bound":16165487.189010236,"upper_bound":95784960.64667702},"point_estimate":36530430.13025522,"standard_error":21482240.522503898},"slope":null,"std_dev":{"confidence_interval":{"confidence_level":0.95,"lower_bound":53584470.605140634,"upper_bound":72597480.85677013},"point_estimate":66623451.35895834,"standard_error":4822915.524794608}}