{"mean":{"confidence_interval":{"confidence_level":0.95,"lower_bound":94821023.566,"upper_bound":109536336.315},"point_estimate":102190456.4,"standard_error":3725799.299836928},"median":{"confidence_interval":{"confidence_level":0.95,"lower_bound":92402389.5,"upper_bound":102521338.0},"point_estimate":96402915.5,"standard_error":3026338.4266206105},"median_abs_dev":{"confidence_interval":{"confidence_level":0.95,"lower_bound":21864471.500878036,"upper_bound":50254695.7419008},"point_estimate":30215767.379812896,"standard_error":8202532.646896739},"slope":null,"std_dev":{"confidence_interval":{"confidence_level":0.95,"lower_bound":32966696.69954523,"upper_bound":41651488.758915775},"point_estimate":37642242.10495948,"standard_error":2202570.3104898892}}