{"mean":{"confidence_interval":{"confidence_level":0.95,"lower_bound":1122448.4660000002,"upper_bound":1329622.794},"point_estimate":1201418.6400000001,"standard_error":60309.409370930945},"median":{"confidence_interval":{"confidence_level":0.95,"lower_bound":1119571.6666666667,"upper_bound":1190241.0},"point_estimate":1159273.0,"standard_error":21473.742358497704},"median_abs_dev":{"confidence_interval":{"confidence_level":0.95,"lower_bound":30098.262065649033,"upper_bound":104774.3517398833},"point_estimate":58861.19575500477,"standard_error":19860.839709857715},"slope":null,"std_dev":{"confidence_interval":{"confidence_level":0.95,"lower_bound":51976.60494899682,"upper_bound":499158.3486559896},"point_estimate":302660.099290211,"standard_error":155754.17992288104}}