{"mean":{"confidence_interval":{"confidence_level":0.95,"lower_bound":721969.1096666668,"upper_bound":899049.4866666666},"point_estimate":790677.4333333332,"standard_error":49089.58063637511},"median":{"confidence_interval":{"confidence_level":0.95,"lower_bound":693458.8333333333,"upper_bound":739459.5},"point_estimate":725075.8333333334,"standard_error":11967.251525665091},"median_abs_dev":{"confidence_interval":{"confidence_level":0.95,"lower_bound":43292.4072539061,"upper_bound":107884.59938466543},"point_estimate":82705.35693168649,"standard_error":17279.210644614293},"slope":null,"std_dev":{"confidence_interval":{"confidence_level":0.95,"lower_bound":80434.9066742296,"upper_bound":583045.2068463292},"point_estimate":350625.2175472618,"standard_error":167057.61927230028}}