{"mean":{"confidence_interval":{"confidence_level":0.95,"lower_bound":658183.7273333333,"upper_bound":675036.7459999997},"point_estimate":666316.1466666666,"standard_error":4328.624566150968},"median":{"confidence_interval":{"confidence_level":0.95,"lower_bound":654009.3333333334,"upper_bound":676109.6666666666},"point_estimate":664609.6666666666,"standard_error":5335.181126976494},"median_abs_dev":{"confidence_interval":{"confidence_level":0.95,"lower_bound":12058.479785919248,"upper_bound":30196.607863903104},"point_estimate":19669.15965080273,"standard_error":4644.967281945006},"slope":null,"std_dev":{"confidence_interval":{"confidence_level":0.95,"lower_bound":14319.91997157287,"upper_bound":29307.461085908915},"point_estimate":22108.70810317693,"standard_error":3998.0781325311486}}