{"mean":{"confidence_interval":{"confidence_level":0.95,"lower_bound":405602.48326422763,"upper_bound":419859.4349390245},"point_estimate":412475.04073170706,"standard_error":3709.6359625682226},"median":{"confidence_interval":{"confidence_level":0.95,"lower_bound":397795.01219512196,"upper_bound":418206.10569105693},"point_estimate":403109.4837398374,"standard_error":5234.423181161109},"median_abs_dev":{"confidence_interval":{"confidence_level":0.95,"lower_bound":33670.96021496488,"upper_bound":58025.377006429044},"point_estimate":49133.56201307077,"standard_error":6272.857269668034},"slope":null,"std_dev":{"confidence_interval":{"confidence_level":0.95,"lower_bound":32305.789332892975,"upper_bound":42360.78234907415},"point_estimate":37388.09152521101,"standard_error":2584.974361827429}}