{"mean":{"confidence_interval":{"confidence_level":0.95,"lower_bound":758315.6419252587,"upper_bound":805076.3475375485},"point_estimate":779491.808363701,"standard_error":11923.58285726078},"median":{"confidence_interval":{"confidence_level":0.95,"lower_bound":752154.6761904762,"upper_bound":764182.25},"point_estimate":758948.62,"standard_error":3183.476854308157},"median_abs_dev":{"confidence_interval":{"confidence_level":0.95,"lower_bound":6105.935830019062,"upper_bound":16997.95927822574},"point_estimate":10238.617970228108,"standard_error":2843.190937780974},"slope":{"confidence_interval":{"confidence_level":0.95,"lower_bound":759235.1711940004,"upper_bound":771336.1740122436},"point_estimate":764095.4283800905,"standard_error":3122.028703891644},"std_dev":{"confidence_interval":{"confidence_level":0.95,"lower_bound":7480.489090014889,"upper_bound":84559.0882893771},"point_estimate":61135.588015128415,"standard_error":17209.514277105063}}