{"mean":{"confidence_interval":{"confidence_level":0.95,"lower_bound":2880320.8428571434,"upper_bound":2892584.7112142863},"point_estimate":2886309.205714286,"standard_error":3129.890705132206},"median":{"confidence_interval":{"confidence_level":0.95,"lower_bound":2879512.285714286,"upper_bound":2885133.714285714},"point_estimate":2882826.5714285714,"standard_error":1152.7753247153312},"median_abs_dev":{"confidence_interval":{"confidence_level":0.95,"lower_bound":2562.885854500174,"upper_bound":12104.475685102796},"point_estimate":5390.415804300595,"standard_error":2385.146087708206},"slope":null,"std_dev":{"confidence_interval":{"confidence_level":0.95,"lower_bound":9656.341781772397,"upper_bound":20990.387458001576},"point_estimate":16044.488320854196,"standard_error":2907.021682005835}}