{"mean":{"confidence_interval":{"confidence_level":0.95,"lower_bound":-0.00903222450518415,"upper_bound":0.050624479296382585},"point_estimate":0.02174345680656309,"standard_error":0.014973009355470867},"median":{"confidence_interval":{"confidence_level":0.95,"lower_bound":0.008284283945889204,"upper_bound":0.022687713452625324},"point_estimate":0.015420478566281703,"standard_error":0.0036490646705220286}}