{"mean":{"confidence_interval":{"confidence_level":0.95,"lower_bound":-0.9607911349400836,"upper_bound":-0.9574949354506246},"point_estimate":-0.9592135585733718,"standard_error":0.0008353319769526589},"median":{"confidence_interval":{"confidence_level":0.95,"lower_bound":-0.9600201470568389,"upper_bound":-0.9576726470702576},"point_estimate":-0.9587906764657959,"standard_error":0.0006359929772177918}}