{"mean":{"confidence_interval":{"confidence_level":0.95,"lower_bound":0.4187822952653878,"upper_bound":0.5540181413533874},"point_estimate":0.48411120296024523,"standard_error":0.03433374805847954},"median":{"confidence_interval":{"confidence_level":0.95,"lower_bound":0.3938836929933789,"upper_bound":0.49475783221115255},"point_estimate":0.42903718712274186,"standard_error":0.02693450133457492}}