{"mean":{"confidence_interval":{"confidence_level":0.95,"lower_bound":0.2122607260900223,"upper_bound":0.28812466659436464},"point_estimate":0.25254787343826957,"standard_error":0.01956670096482447},"median":{"confidence_interval":{"confidence_level":0.95,"lower_bound":0.19830598216343076,"upper_bound":0.2796120773587847},"point_estimate":0.22847193536434252,"standard_error":0.019676239170896618}}