{"mean":{"confidence_interval":{"confidence_level":0.95,"lower_bound":7471394.261333332,"upper_bound":7754284.994666669},"point_estimate":7608718.613333335,"standard_error":71428.23781067146},"median":{"confidence_interval":{"confidence_level":0.95,"lower_bound":7438005.666666667,"upper_bound":7664542.0},"point_estimate":7532807.0,"standard_error":52284.29494878819},"median_abs_dev":{"confidence_interval":{"confidence_level":0.95,"lower_bound":137093.54856610252,"upper_bound":509280.0097584729},"point_estimate":223579.04123067856,"standard_error":98844.33810951986},"slope":null,"std_dev":{"confidence_interval":{"confidence_level":0.95,"lower_bound":240036.3876658561,"upper_bound":432831.60301557323},"point_estimate":360071.51784573094,"standard_error":48925.342584840604}}