{"mean":{"confidence_interval":{"confidence_level":0.95,"lower_bound":7789789.797666666,"upper_bound":8345495.370666666},"point_estimate":8064933.319999998,"standard_error":141228.12860353905},"median":{"confidence_interval":{"confidence_level":0.95,"lower_bound":7653741.666666667,"upper_bound":8202570.799999996},"point_estimate":7914916.666666667,"standard_error":171494.26281046143},"median_abs_dev":{"confidence_interval":{"confidence_level":0.95,"lower_bound":366658.3400905123,"upper_bound":1015751.4933218058},"point_estimate":671935.5586707587,"standard_error":172821.0519419991},"slope":null,"std_dev":{"confidence_interval":{"confidence_level":0.95,"lower_bound":486536.1019900066,"upper_bound":969298.6007880442},"point_estimate":747661.4551045608,"standard_error":130408.6399828982}}