{"mean":{"confidence_interval":{"confidence_level":0.95,"lower_bound":0.0009613132007998132,"upper_bound":0.2551465618163034},"point_estimate":0.11342107423698722,"standard_error":0.06474583126629042},"median":{"confidence_interval":{"confidence_level":0.95,"lower_bound":-0.021652939230102253,"upper_bound":0.19871397236734278},"point_estimate":0.054095136832567725,"standard_error":0.055028635707925676}}