{"mean":{"confidence_interval":{"confidence_level":0.95,"lower_bound":0.004398912173757736,"upper_bound":0.26433974534500865},"point_estimate":0.11971680322667444,"standard_error":0.06692646868314243},"median":{"confidence_interval":{"confidence_level":0.95,"lower_bound":0.0033929180772129808,"upper_bound":0.22472661397478863},"point_estimate":0.06450512852976686,"standard_error":0.05711003182356635}}