{"mean":{"confidence_interval":{"confidence_level":0.95,"lower_bound":10935896.285,"upper_bound":11573249.26025},"point_estimate":11190824.68,"standard_error":167734.15671984153},"median":{"confidence_interval":{"confidence_level":0.95,"lower_bound":10790853.25,"upper_bound":11263215.5},"point_estimate":10834804.5,"standard_error":123512.16859823382},"median_abs_dev":{"confidence_interval":{"confidence_level":0.95,"lower_bound":31802.51073539257,"upper_bound":621188.2619217038},"point_estimate":96631.04783445597,"standard_error":159085.31275056564},"slope":null,"std_dev":{"confidence_interval":{"confidence_level":0.95,"lower_bound":266328.34397667274,"upper_bound":1355192.3293824294},"point_estimate":854188.7395344183,"standard_error":355836.11620624014}}