{"mean":{"confidence_interval":{"confidence_level":0.95,"lower_bound":2899057.557347222,"upper_bound":2995543.439541667},"point_estimate":2940745.939444444,"standard_error":25056.746255961607},"median":{"confidence_interval":{"confidence_level":0.95,"lower_bound":2851234.9444444445,"upper_bound":2900017.6944444445},"point_estimate":2868030.111111111,"standard_error":14369.435666538811},"median_abs_dev":{"confidence_interval":{"confidence_level":0.95,"lower_bound":54883.38002562477,"upper_bound":113145.33769960192},"point_estimate":81427.23220437777,"standard_error":15433.866815263736},"slope":null,"std_dev":{"confidence_interval":{"confidence_level":0.95,"lower_bound":95174.9604799302,"upper_bound":375805.2303028221},"point_estimate":248536.97088739404,"standard_error":76247.2774734074}}