{"mean":{"confidence_interval":{"confidence_level":0.95,"lower_bound":379973.7203619047,"upper_bound":402917.6906761905},"point_estimate":389040.61638095236,"standard_error":6161.688720617232},"median":{"confidence_interval":{"confidence_level":0.95,"lower_bound":381195.85714285716,"upper_bound":382202.77166666667},"point_estimate":381877.77142857143,"standard_error":236.16235810023738},"median_abs_dev":{"confidence_interval":{"confidence_level":0.95,"lower_bound":426.423992429469,"upper_bound":1589.9260917731826},"point_estimate":1013.8301020009432,"standard_error":291.33314832321526},"slope":null,"std_dev":{"confidence_interval":{"confidence_level":0.95,"lower_bound":1777.3137468618074,"upper_bound":51456.14826402073},"point_estimate":32075.601371199464,"standard_error":14478.829727762155}}