{"mean":{"confidence_interval":{"confidence_level":0.95,"lower_bound":415369.2484048507,"upper_bound":433067.8787649253},"point_estimate":423957.24619403004,"standard_error":4519.2541310494535},"median":{"confidence_interval":{"confidence_level":0.95,"lower_bound":403313.9552238806,"upper_bound":421428.9021455221},"point_estimate":410177.81343283586,"standard_error":4979.680874712721},"median_abs_dev":{"confidence_interval":{"confidence_level":0.95,"lower_bound":26388.213434370027,"upper_bound":50658.44982499837},"point_estimate":43602.4409445586,"standard_error":5909.772565015852},"slope":null,"std_dev":{"confidence_interval":{"confidence_level":0.95,"lower_bound":37544.65847433115,"upper_bound":54632.35483926845},"point_estimate":46295.04390435384,"standard_error":4347.593611984234}}