{"mean":{"confidence_interval":{"confidence_level":0.95,"lower_bound":-0.954840033680196,"upper_bound":-0.9512201874427033},"point_estimate":-0.9529744154518531,"standard_error":0.0010054921371999894},"median":{"confidence_interval":{"confidence_level":0.95,"lower_bound":-0.9541530141290944,"upper_bound":-0.9526470806889461},"point_estimate":-0.9537772321158977,"standard_error":0.0003659034951098446}}