{"mean":{"confidence_interval":{"confidence_level":0.95,"lower_bound":0.06142151848179225,"upper_bound":0.0959408397235503},"point_estimate":0.08029609951015426,"standard_error":0.008956152101270215},"median":{"confidence_interval":{"confidence_level":0.95,"lower_bound":0.05155746605279976,"upper_bound":0.09177897727307976},"point_estimate":0.06488112954430725,"standard_error":0.010524733122409041}}