{"mean":{"confidence_interval":{"confidence_level":0.95,"lower_bound":12452143.12925,"upper_bound":12931927.018749999},"point_estimate":12678459.15,"standard_error":122776.57095363652},"median":{"confidence_interval":{"confidence_level":0.95,"lower_bound":12393458.0,"upper_bound":12649273.0},"point_estimate":12546167.5,"standard_error":70231.17018177612},"median_abs_dev":{"confidence_interval":{"confidence_level":0.95,"lower_bound":562981.016305089,"upper_bound":1033515.9938514233},"point_estimate":746689.2377436161,"standard_error":119358.5365325045},"slope":null,"std_dev":{"confidence_interval":{"confidence_level":0.95,"lower_bound":843343.3846763673,"upper_bound":1585014.1704307757},"point_estimate":1232565.264742875,"standard_error":188294.99980376303}}