{"mean":{"confidence_interval":{"confidence_level":0.95,"lower_bound":14102492.055,"upper_bound":14620075.63075},"point_estimate":14359476.16,"standard_error":131950.64298415187},"median":{"confidence_interval":{"confidence_level":0.95,"lower_bound":13879675.0,"upper_bound":14508854.0},"point_estimate":14101485.5,"standard_error":183738.45588047485},"median_abs_dev":{"confidence_interval":{"confidence_level":0.95,"lower_bound":891216.0483777524,"upper_bound":1423070.6380679458},"point_estimate":1117560.1385593414,"standard_error":131338.2272488261},"slope":null,"std_dev":{"confidence_interval":{"confidence_level":0.95,"lower_bound":1075729.4294294317,"upper_bound":1533343.5875404454},"point_estimate":1316132.3375553167,"standard_error":117185.93354158061}}