{"mean":{"confidence_interval":{"confidence_level":0.95,"lower_bound":0.4085850743565377,"upper_bound":0.49140873797390233},"point_estimate":0.4508721135571536,"standard_error":0.021237688673671717},"median":{"confidence_interval":{"confidence_level":0.95,"lower_bound":0.4146024464171132,"upper_bound":0.49727440505320986},"point_estimate":0.45593974778965674,"standard_error":0.022250864197509036}}