{"mean":{"confidence_interval":{"confidence_level":0.95,"lower_bound":0.24303230386621313,"upper_bound":0.3176420909981319},"point_estimate":0.2810232503362109,"standard_error":0.01894573558102983},"median":{"confidence_interval":{"confidence_level":0.95,"lower_bound":0.25496632382121076,"upper_bound":0.3126925120205757},"point_estimate":0.2953574249802824,"standard_error":0.013831343326161314}}