{"mean":{"confidence_interval":{"confidence_level":0.95,"lower_bound":713482.5480000001,"upper_bound":731991.6543333331},"point_estimate":721725.6033333337,"standard_error":4775.3594873926},"median":{"confidence_interval":{"confidence_level":0.95,"lower_bound":705313.6708333334,"upper_bound":715549.3333333334},"point_estimate":712049.3333333333,"standard_error":2882.65964770028},"median_abs_dev":{"confidence_interval":{"confidence_level":0.95,"lower_bound":14777.56813764578,"upper_bound":25602.15409547081},"point_estimate":20486.07223629963,"standard_error":2613.8633986470204},"slope":null,"std_dev":{"confidence_interval":{"confidence_level":0.95,"lower_bound":22980.291121461843,"upper_bound":68675.11397851438},"point_estimate":47397.81890194414,"standard_error":11691.901018365676}}