{"mean":{"confidence_interval":{"confidence_level":0.95,"lower_bound":573169.1447500001,"upper_bound":583045.39525},"point_estimate":577984.23,"standard_error":2530.5079465854114},"median":{"confidence_interval":{"confidence_level":0.95,"lower_bound":571308.0,"upper_bound":581633.25},"point_estimate":578533.25,"standard_error":2091.577500642187},"median_abs_dev":{"confidence_interval":{"confidence_level":0.95,"lower_bound":4151.279926300049,"upper_bound":17198.53034466505},"point_estimate":10971.239805221558,"standard_error":3367.103291582122},"slope":null,"std_dev":{"confidence_interval":{"confidence_level":0.95,"lower_bound":8145.055847500907,"upper_bound":16997.054174913446},"point_estimate":12908.486068385726,"standard_error":2270.08707353759}}