{"mean":{"confidence_interval":{"confidence_level":0.95,"lower_bound":738887.5744166665,"upper_bound":763998.1576666664},"point_estimate":751114.5566666664,"standard_error":6445.598711739051},"median":{"confidence_interval":{"confidence_level":0.95,"lower_bound":725299.6666666666,"upper_bound":749100.6666666666},"point_estimate":732416.5,"standard_error":6620.493703253206},"median_abs_dev":{"confidence_interval":{"confidence_level":0.95,"lower_bound":36473.68905246252,"upper_bound":64991.36364117258},"point_estimate":49792.873015999765,"standard_error":7202.074880782956},"slope":null,"std_dev":{"confidence_interval":{"confidence_level":0.95,"lower_bound":50553.71306751059,"upper_bound":79030.00624420706},"point_estimate":65662.0453416683,"standard_error":7288.778884881634}}