{"mean":{"confidence_interval":{"confidence_level":0.95,"lower_bound":0.189262616608583,"upper_bound":0.2670685918037844},"point_estimate":0.22039310837599047,"standard_error":0.01996232835390321},"median":{"confidence_interval":{"confidence_level":0.95,"lower_bound":0.16159623441117033,"upper_bound":0.20543780079121543},"point_estimate":0.17838441671990224,"standard_error":0.011937219725808981}}