{"mean":{"confidence_interval":{"confidence_level":0.95,"lower_bound":0.34079938825934725,"upper_bound":0.39119497153387245},"point_estimate":0.36467015872596487,"standard_error":0.013067163300855843},"median":{"confidence_interval":{"confidence_level":0.95,"lower_bound":0.3195512639362388,"upper_bound":0.36115397752836453},"point_estimate":0.33732422000578377,"standard_error":0.011904979431150422}}