{"mean":{"confidence_interval":{"confidence_level":0.95,"lower_bound":-0.03441215104996878,"upper_bound":0.06998131024245545},"point_estimate":0.021871192284514507,"standard_error":0.026704940454803327},"median":{"confidence_interval":{"confidence_level":0.95,"lower_bound":0.0241393549507547,"upper_bound":0.04093357815399323},"point_estimate":0.03576463392551288,"standard_error":0.004609665228854409}}