{"mean":{"confidence_interval":{"confidence_level":0.95,"lower_bound":-0.9423771451534557,"upper_bound":-0.9363973539717272},"point_estimate":-0.9390789770403735,"standard_error":0.0015488082433039935},"median":{"confidence_interval":{"confidence_level":0.95,"lower_bound":-0.939424423280116,"upper_bound":-0.9365508109634276},"point_estimate":-0.9375310868163516,"standard_error":0.0007733353012401706}}