{"mean":{"confidence_interval":{"confidence_level":0.95,"lower_bound":0.007672684433616597,"upper_bound":0.05865504600013054},"point_estimate":0.03066435636823628,"standard_error":0.013401735409027993},"median":{"confidence_interval":{"confidence_level":0.95,"lower_bound":-0.005399482537118416,"upper_bound":0.025894044083331513},"point_estimate":0.008376959083609137,"standard_error":0.008924181515351634}}