{"mean":{"confidence_interval":{"confidence_level":0.95,"lower_bound":-0.9832726601836004,"upper_bound":-0.9824085241189143},"point_estimate":-0.9828453923501268,"standard_error":0.00021725833663418514},"median":{"confidence_interval":{"confidence_level":0.95,"lower_bound":-0.9833050701907141,"upper_bound":-0.9827168745575809},"point_estimate":-0.9828921684528376,"standard_error":0.00013237814292227883}}