{"mean":{"confidence_interval":{"confidence_level":0.95,"lower_bound":0.1136921128884086,"upper_bound":0.2864524094632258},"point_estimate":0.19753019871353938,"standard_error":0.044234695851410114},"median":{"confidence_interval":{"confidence_level":0.95,"lower_bound":0.04469422761382669,"upper_bound":0.36797316552346415},"point_estimate":0.27608373183273693,"standard_error":0.08593238972813788}}