{"mean":{"confidence_interval":{"confidence_level":0.95,"lower_bound":0.08861738183063916,"upper_bound":0.2645301066009658},"point_estimate":0.1740156439078948,"standard_error":0.04525827707607941},"median":{"confidence_interval":{"confidence_level":0.95,"lower_bound":0.008735404811543335,"upper_bound":0.3376092933345787},"point_estimate":0.23064991103717913,"standard_error":0.07538433880116356}}